acc_x,acc_y,acc_z,gy_x,gy_y,gy_z,pitch,roll,yaw,direction
0.4958,-0.007,0.4126,-0.1697,0.2733,0.0827,125.4931,312.3503,358.57,punching
-0.7561,-0.0256,0.8154,-0.031,-0.6708,0.1489,120.1983,42.7084,357.791,punching
-0.081,-0.1773,0.7577,1.3193,-2.2649,0.203,108.3237,31.0922,1.9367,punching
1.5468,-0.1814,1.1232,-0.4702,0.2326,0.5262,118.7209,25.7203,1.7372,punching
1.0311,-0.0118,0.8278,-0.2928,0.9345,-0.6223,114.8373,28.2667,357.1839,punching
-0.685,0.1049,0.955,0.1052,0.3933,0.1621,113.644,32.1378,357.7741,punching
-1.0298,-0.2103,0.9611,-0.0897,0.1001,-0.0685,108.3415,34.0924,352.784,punching
-0.6119,-0.1838,1.0301,0.9989,-1.4469,-0.5697,108.8569,28.0364,350.4455,punching
0.0565,0.077,0.4667,-0.2604,-1.7163,0.3985,106.9394,25.1113,345.6257,punching
1.6365,0.2855,1.1505,0.5756,0.9651,-0.538,109.2266,18.5563,353.8573,punching
0.7841,-0.1725,0.928,0.3798,0.7748,-0.9943,101.4975,17.562,352.1419,punching
-0.4764,0.0177,0.861,0.4372,0.8695,-0.3538,94.8514,29.6071,348.0216,punching
-0.8624,-0.1648,0.868,-0.4861,-0.0007,-0.0025,98.9677,32.2921,343.4629,punching
-0.3964,0.1316,1.0321,0.7616,-1.0813,-0.8843,100.2323,22.9828,350.1738,punching
0.2917,0.2047,0.6114,0.1134,-0.8309,0.7595,108.5093,24.6626,336.0694,punching
1.3764,0.195,1.0757,0.4317,0.5912,-0.0707,109.3402,16.7357,348.8877,punching
0.6696,0.3848,0.6984,-0.7757,1.1835,-0.8245,104.5903,15.2205,351.6972,punching
-0.8481,0.0811,1.0031,-0.0209,-0.1229,-0.571,100.0949,18.8325,356.1007,punching
-0.6112,-0.075,0.9926,0.2252,0.2549,-0.1693,100.0364,23.08,355.9788,punching
-0.3379,0.0663,1.006,0.352,-0.3947,-0.5322,103.0578,21.4697,355.2007,punching
0.0626,0.0794,0.7896,-2.3529,-0.1433,0.6205,104.8884,15.5667,353.9085,punching
1.0801,-0.4383,1.2952,1.2017,0.0017,-0.4589,111.5566,10.0447,354.1415,punching
0.5271,0.0114,0.9375,0.9995,0.5561,-0.8871,107.3434,13.9053,357.733,punching
-0.487,0.0879,0.9643,-0.137,0.6349,-0.0667,108.7028,17.0867,2.1239,punching
-0.9767,-0.1404,0.7555,-0.6914,0.5219,-0.0053,110.121,23.5281,356.0055,punching
-0.5655,0.0299,0.9965,0.1196,-1.1009,-0.2335,110.3171,17.4633,2.3394,punching
0.104,-0.1286,0.5032,-2.0402,-1.4839,1.8032,132.6001,17.7776,346.8431,punching
0.6585,-0.1334,0.9363,0.3819,0.4718,-0.1314,129.5994,20.9695,346.0329,punching
0.4063,0.1029,0.9992,0.7448,0.5482,-0.8651,124.6948,21.3379,348.9733,punching
-1.1959,0.068,0.9553,-0.2076,0.1477,-0.1049,119.2275,26.2024,349.0372,punching
-0.685,-0.2907,0.947,0.0432,-0.7402,0.3102,127.442,23.8904,346.2011,punching
-0.3453,-0.1623,0.8805,0.3511,-1.2139,0.8099,129.0996,18.4526,351.5561,punching
1.6351,-0.5254,1.2343,0.98,-1.2524,-0.3269,131.3126,6.3613,349.6692,punching
0.4766,0.0808,0.6341,0.538,1.0732,-0.7481,121.1559,9.2694,0.2664,punching
-0.5428,0.2151,0.946,-0.3328,0.831,-0.4311,117.9057,17.4241,357.045,punching
-1.075,-0.254,0.8797,-0.0759,-0.4133,-0.0783,118.204,20.1114,351.605,punching
-0.4384,-0.1064,0.9124,-0.1617,-0.957,-1.0233,117.7756,11.2455,346.2609,punching
0.6539,0.2882,0.4201,-1.6452,-0.2334,1.3905,132.1529,356.0624,356.4391,punching
0.9708,-0.0856,0.8663,0.4644,1.148,-0.4176,128.5934,0.4196,358.5721,punching
0.2592,-0.1204,0.8688,0.4845,1.6605,-0.7854,122.9094,6.6755,2.7112,punching
-1.0727,-0.0123,0.5817,-0.7131,0.8328,0.378,125.9475,14.6184,3.2126,punching
-0.7654,0.1144,0.8015,-0.6135,-1.0545,-0.4268,120.3373,10.0358,0.4362,punching
0.0662,-0.5577,0.9185,1.8294,-2.3186,-0.2667,113.6305,356.4242,359.1088,punching
1.4033,-0.0338,1.2667,-0.093,0.4214,0.2,119.9772,353.7967,351.309,punching
0.5911,0.2212,0.7813,-0.5304,1.5775,0.2797,116.8969,359.054,358.5579,punching
-0.9562,0.076,0.7423,0.3685,0.5066,0.1389,116.1211,9.5947,3.3409,punching
-0.9967,-0.2494,0.8064,0.1605,-1.0108,-0.166,121.0367,9.4375,356.0898,punching
-0.4507,0.0702,0.8205,-0.2201,-0.5538,-1.0716,118.9153,5.6434,349.9227,punching
0.9448,0.1238,0.7776,0.1251,-0.6406,0.4513,116.6178,350.9968,8.8805,punching
0.8694,-0.1035,1.0969,0.2845,-0.0728,0.4388,125.3081,349.5082,2.402,punching
-0.0844,0.0563,0.7189,-0.1159,0.6047,-0.3346,125.6616,357.2833,2.9323,punching
-1.056,-0.1488,0.8252,0.3773,0.3426,-0.0303,126.0957,3.4259,3.069,punching
-0.7264,0.1386,0.832,0.1535,-0.8972,-0.4977,118.6571,0.8032,6.4911,punching
-0.254,-0.1795,1.0615,1.2035,-0.7163,-2.1904,103.1214,358.5444,12.0199,punching
0.9383,-0.0642,1.15,-0.8746,-0.5334,0.7513,115.6959,354.3291,1.4207,punching
0.5021,0.1231,0.8079,-0.2928,0.5475,0.5967,114.803,358.6357,3.6196,punching
-0.3463,0.2467,0.8693,-0.7091,1.5484,0.9718,118.8791,6.1135,8.1822,punching
-1.1917,-0.1223,0.7818,0.5524,0.0818,-0.7118,124.0499,13.3028,4.0752,punching
-0.7393,-0.0031,0.9248,0.6165,-1.5599,-0.3397,113.146,6.5073,5.4732,punching
0.1501,-0.013,0.704,-1.4589,-0.5655,1.6364,129.6766,0.3569,353.7495,punching
1.4847,0.0762,0.852,-0.8752,0.5011,0.5161,125.5798,352.3459,358.4645,punching
0.9552,-0.0318,0.8612,0.6525,1.6355,-0.844,122.7697,356.1644,2.9513,punching
-0.6376,-0.035,0.8966,-0.0277,0.7626,0.7204,127.1829,3.4346,5.0376,punching
-0.9659,0.1117,0.7535,-0.4699,-0.5868,0.1972,129.6654,5.8428,2.7091,punching
-0.3268,-0.1172,1.0703,0.6199,-0.8996,-0.0621,122.0678,2.9482,3.7241,punching
0.2871,-0.4031,0.8854,0.4009,-1.1614,-1.4576,139.3969,2.8549,340.913,punching
0.8122,0.026,0.7696,-0.155,0.7085,0.3108,132.8194,0.8293,344.708,punching
0.6122,0.0117,0.8995,0.516,1.0335,-1.1488,128.7083,2.1572,348.6401,punching
-0.8471,-0.0704,1.2533,0.2109,0.7873,0.4571,128.7962,12.7513,349.4699,punching
-0.8489,-0.0039,0.8351,0.005,-0.7441,-0.7921,129.8359,15.9291,344.7553,punching
-0.2286,-0.0275,1.0652,-0.4204,-0.4967,-0.6818,136.7292,11.395,342.4218,punching
0.4585,0.4108,0.7111,-0.0347,-0.9582,-0.5108,112.9359,353.7412,6.9615,punching
1.0188,-0.1351,0.8466,0.4864,0.7922,-0.1238,121.5575,350.9173,357.5474,punching
-0.1429,0.1874,0.7837,-0.1263,0.9379,0.32,120.0535,0.6779,1.5759,punching
-1.1693,-0.056,1.0525,0.0881,-0.1159,0.1951,111.8575,5.1454,7.3973,punching
-0.8113,0.1726,0.9073,-0.2958,-0.2228,-1.0135,118.5755,4.8338,356.8968,punching
-0.2834,0.4717,0.801,-1.8835,-0.9405,3.5273,110.5997,359.0983,9.4629,punching
1.3133,-0.3669,1.2246,0.5948,0.4907,-1.0734,112.4863,359.2862,357.6623,punching
0.4078,0.034,0.9611,0.5646,-0.1601,0.2226,112.0754,359.53,3.7871,punching
-0.6998,0.2331,0.7786,-0.9241,0.4614,1.2684,113.233,8.8562,4.2906,punching
-1.1073,-0.0333,0.725,-0.4076,-0.03,0.0985,116.4656,12.7229,2.2333,punching
-0.4722,0.2676,0.9441,-0.5994,-0.5774,0.3588,116.4504,6.6042,7.4469,punching
0.1069,-0.2383,1.0162,-0.4928,-0.9815,0.1398,120.937,2.6241,4.9619,punching
0.6573,-0.1071,0.9514,-0.8193,-0.0786,0.3655,128.7289,358.5947,356.9619,punching
0.5254,0.1988,0.9017,-0.1422,0.3496,0.1141,122.7316,356.6885,2.2247,punching
-0.5988,-0.1486,1.1507,0.3327,0.6728,-0.7921,123.9623,4.8295,359.0092,punching
-1.0305,-0.033,0.8824,-0.1785,-0.5438,0.6001,120.7008,8.3643,359.2528,punching
-0.3164,0.0359,0.8615,0.3572,-0.8055,-1.5804,125.2818,4.3,349.3671,punching
0.5259,0.201,0.676,-0.6853,-0.0102,1.6819,129.2985,6.1276,343.8566,punching
0.9155,-0.0613,1.0562,0.0331,0.2629,0.068,125.2703,5.8346,347.229,punching
0.5807,-0.0675,0.9005,0.8398,1.0729,-1.3507,120.649,4.2311,349.1272,punching
-0.9797,0.0568,0.8303,0.1886,0.6822,0.473,120.2542,13.7955,352.6342,punching
-0.9182,-0.0304,0.8125,-0.3591,-1.1403,-0.0719,121.7993,10.8399,352.5713,punching
-0.2708,-0.3488,1.0077,0.502,-1.5645,0.6987,123.7755,3.7207,353.1259,punching
0.6735,-0.1235,0.7796,-0.7164,-0.454,0.937,126.5355,3.9751,351.2579,punching
0.7826,-0.1756,0.9358,0.9164,0.1395,-0.987,123.5241,359.4538,353.7985,punching
0.5925,-0.151,0.9204,-0.3059,1.8206,-0.8685,129.1758,5.7132,350.2437,punching
-0.9891,0.1054,0.637,-0.1724,0.5439,0.3011,124.3471,12.9683,353.6018,punching
-0.5939,0.0126,0.975,0.0004,-1.0603,0.3206,129.761,7.947,355.6384,punching
-0.3907,-0.3676,1.2036,0.5646,-1.0609,0.1441,134.885,6.2537,350.7173,punching
0.4471,-0.7543,0.8237,0.392,-0.468,-0.8987,142.5674,2.4523,335.493,punching
0.6653,-0.1049,0.8858,0.0792,0.5039,-0.2457,133.9943,356.1436,340.6882,punching
0.6442,0.1901,0.9053,0.1932,0.8023,-1.654,118.8628,349.3875,355.8477,punching
-0.7055,-0.3095,1.0886,-0.1504,0.765,-0.0636,112.2085,356.7744,358.3337,punching
-0.8605,-0.0729,0.9516,0.0139,-0.972,0.5961,121.5788,353.5481,354.4333,punching
-0.2952,-0.1843,0.8149,0.4048,-1.8559,-0.4445,125.3058,346.9836,347.2167,punching
0.7358,0.2566,0.6453,0.4079,-0.0087,0.5048,117.3573,335.4996,358.4042,punching
0.7157,0.1758,0.8632,-0.3588,0.6587,0.3255,116.7541,339.6681,357.4785,punching
0.3579,0.1833,0.9451,-0.1654,0.8078,-0.8361,103.9176,343.5281,5.8311,punching
-0.8346,-0.4043,0.9901,0.4858,0.9373,0.655,110.7106,357.8633,0.4017,punching
-0.7079,0.0452,0.8544,-0.2387,-0.9643,0.0185,111.8926,355.1083,358.6094,punching
-0.1716,-0.1443,1.1464,-0.3374,-0.7661,0.2073,115.1764,345.8004,359.8265,punching
0.4696,-0.7285,1.2139,1.3727,-1.4692,-1.3339,117.8933,346.3342,358.6571,punching
0.7366,0.0051,0.9063,-0.1972,0.3337,0.1276,119.9052,345.6729,0.8234,punching
0.512,0.1491,0.8161,0.2023,0.4669,-0.8553,115.6432,349.3435,5.3379,punching
-0.8015,-0.028,0.8839,0.2277,0.8609,0.973,115.489,358.0905,12.842,punching
-0.877,0.0944,0.9692,0.4195,-1.0706,-0.5905,116.2825,357.3833,11.351,punching
-0.333,-0.0246,0.9714,0.0392,-1.3767,-0.954,112.9749,352.9242,5.6362,punching
0.3503,0.3256,0.4552,-0.8138,-0.9866,2.0387,129.4925,336.7076,350.2105,punching
0.8185,0.0369,0.7954,0.115,0.5591,-0.0056,124.9368,335.7567,356.278,punching
1.0762,0.0112,0.9246,0.3599,1.3921,-1.0581,126.1179,339.5079,0.1174,punching
-0.8553,-0.2603,0.9685,0.3031,0.7103,-0.1244,127.9662,354.3496,355.4581,punching
-1.0937,-0.0634,0.7423,0.0414,-0.6543,0.1975,125.4743,355.2125,356.7597,punching
-0.3276,0.2251,0.8437,-0.1993,-0.6155,-0.3682,128.292,346.2313,354.9408,punching
0.5659,0.6788,0.3609,-1.8584,-0.6953,1.9828,142.8858,331.9648,347.8671,punching
0.8808,0.0697,0.9648,0.3327,0.2757,-0.706,138.2386,331.0129,352.6639,punching
0.8597,0.0806,0.9836,-0.1498,0.4697,-0.7979,132.0264,333.0398,0.7653,punching
-0.9042,-0.3112,0.9075,-0.1755,1.2635,0.4852,143.5877,355.2395,347.6437,punching
-1.1283,-0.2034,0.7118,0.1748,-0.7389,0.21,142.49,358.0355,349.6173,punching
-0.3831,0.134,0.9134,-0.0655,-1.0969,-0.6348,138.0271,347.6748,352.9393,punching
-0.134,-0.1616,1.0413,1.0316,-0.8822,-1.2521,143.982,346.0229,352.6179,punching
1.0721,0.1258,1.3082,-0.2528,-0.6113,0.1071,143.711,348.6325,352.6557,punching
0.5455,-0.0357,1.082,0.1009,0.0191,-0.7799,132.8018,349.7215,356.8561,punching
-0.4337,-0.2224,1.1766,-0.2659,0.9315,0.2891,136.9129,357.5419,348.7264,punching
-1.1589,-0.0839,0.7842,-0.5023,0.0143,0.0457,130.8968,5.2955,346.1607,punching
-0.5065,-0.0967,1.0408,0.9977,-1.5126,-0.4589,129.5811,355.5506,350.2387,punching
0.6881,-0.2371,0.6663,1.7008,-0.6699,-1.2484,126.9525,348.7832,4.4293,punching
0.8141,0.1233,0.9292,-0.2082,0.7867,-0.2194,127.2584,349.3905,2.6769,punching
0.8255,-0.062,0.9577,0.1797,0.605,-1.1229,123.2001,352.5823,3.6027,punching
-0.6043,-0.144,0.7908,-0.9437,0.6044,0.1905,135.6436,2.5534,354.5006,punching
-0.8286,-0.1843,0.8649,0.1782,-0.2469,0.7381,134.7788,2.8336,357.5013,punching
-0.5692,-0.1896,0.9287,0.3373,-1.2805,-0.497,134.0933,358.4902,0.1898,punching
0.1857,-0.4316,0.9714,2.2252,-0.6024,-0.6366,129.7458,354.6478,2.257,punching
0.8624,0.2345,0.9782,-0.5826,0.6764,1.4614,130.7733,349.957,354.7398,punching
0.8052,0.2207,0.9619,0.224,0.9284,-0.4509,125.129,352.6403,354.6866,punching
-0.2471,0.2646,0.7611,-1.0988,1.7561,1.2662,122.936,1.4862,351.74,punching
-1.076,-0.4704,0.8278,0.0579,0.1566,-0.4512,124.9041,9.6766,348.2464,punching
-0.6062,-0.1054,0.8741,0.5276,-1.3519,-0.4744,124.5438,2.7678,349.7894,punching
-0.0819,-0.2673,1.0335,1.3505,-0.516,-0.9867,128.4771,355.2886,341.9241,punching
0.8684,0.5786,0.5006,-1.0753,1.0686,1.7384,126.2254,345.23,347.2233,punching
0.8265,-0.0538,0.8627,0.7442,0.8044,-1.0331,122.3938,346.998,349.8888,punching
-0.2461,0.252,0.7637,-0.4272,1.1205,0.9531,107.3879,356.5757,0.9029,punching
-0.9311,-0.1339,0.9397,-0.0863,1.6728,-0.403,113.9184,9.9075,0.982,punching
-0.6578,0.1564,0.8659,-0.5671,-1.1171,0.5668,117.2941,4.7469,356.9608,punching
-0.0032,0.2399,0.9224,-0.6486,-0.7154,-0.0209,111.8211,351.8342,1.6076,punching
0.9441,-0.6945,0.8254,0.8162,-0.5651,-1.1873,105.6387,343.0519,6.1272,punching
0.5341,0.0524,0.8249,0.3822,0.5527,-0.5114,103.6067,346.4609,10.5444,punching
-0.1614,0.2595,0.8366,-0.2112,1.1948,0.1065,98.6651,358.3913,9.4332,punching
-0.7161,-0.0415,0.8069,-0.0106,1.1077,-0.2683,99.3392,9.4417,8.4869,punching
-0.8647,-0.2137,0.7869,0.2475,-1.6901,0.5036,104.2268,3.2208,9.0413,punching
-0.5008,-0.199,0.9165,0.3114,-1.753,-0.5765,105.5219,352.5557,3.6136,punching
0.6689,0.4229,0.5668,-0.2479,0.1056,1.1651,111.2189,340.6954,4.328,punching
0.8699,-0.1457,0.9848,0.0768,0.7152,-0.5584,108.7291,342.0583,4.8252,punching
0.593,-0.1315,1.0996,0.3538,0.8172,-1.7056,102.7752,342.3657,8.6959,punching
-0.6423,-0.0839,0.7849,-0.4036,0.9525,1.7399,113.77,356.1781,0.0783,punching
-1.0789,-0.3614,0.8235,0.1141,-0.8287,0.6211,125.1488,356.5777,354.6782,punching
-0.3384,-0.0924,0.9477,0.8248,-0.5752,-1.0529,125.2802,351.9158,354.9553,punching
-0.3039,0.0986,0.7525,-0.3957,-1.4201,0.9159,122.9081,347.0361,354.3559,punching
1.3599,0.5771,0.7028,-0.8697,0.5106,0.856,122.1382,332.3015,7.964,punching
0.6398,0.1039,0.9192,0.0389,0.7925,-0.9518,121.6422,335.1899,4.985,punching
0.0863,-0.2786,1.1841,0.0915,1.3511,-0.8962,121.7257,348.1916,0.0638,punching
-0.9898,0.2202,0.676,-0.2751,0.5362,1.0029,121.2264,1.4321,1.0892,punching
-0.5929,-0.0306,0.8298,0.0927,-0.7954,-0.1614,121.072,357.7845,1.1547,punching
-0.1506,0.1297,0.8505,-0.4342,-0.8364,-0.0899,121.7646,348.5238,2.8879,punching
0.1813,-0.0253,0.9066,-0.5622,-1.3709,1.4965,116.699,340.858,13.438,punching
1.181,-0.289,1.1987,0.5279,0.17,-1.1372,121.9032,336.4463,6.4127,punching
0.1152,0.2552,0.8912,-0.5393,-0.0099,0.2415,113.2779,342.4418,8.4836,punching
-0.3927,-0.1385,0.7845,0.9549,0.7971,-0.3987,112.8381,354.2277,11.2501,punching
-1.0175,-0.2726,0.8203,-0.0811,0.0121,0.4675,111.7101,3.2936,10.289,punching
-0.5361,-0.0027,0.8429,0.885,-1.4897,-0.7683,106.4078,356.7679,15.3694,punching
0.112,0.4504,0.6802,0.7692,0.4141,1.7167,105.7627,346.0347,15.3859,punching
1.5424,0.1224,1.0165,-0.4675,-0.1739,-1.5636,99.6305,340.7799,21.3989,punching
0.6182,0.0993,0.968,-0.8209,0.3902,-0.4595,96.3462,344.1218,16.3306,punching
-0.0703,-0.2444,0.9862,-0.7311,1.4895,0.1199,100.5288,356.4738,7.732,punching
-1.0905,0.0078,0.8149,-0.1236,0.4632,0.4244,105.837,3.859,5.6558,punching
-0.4939,0.0005,1.0082,0.1244,-1.1797,-0.2261,106.376,358.7749,5.593,punching
0.2958,0.1903,0.725,-1.5313,-0.1275,1.0967,102.7592,347.0426,5.3991,punching
0.6224,0.2413,1.0116,-0.1245,0.0488,0.0851,104.9451,345.5779,11.675,punching
0.658,-0.0625,0.9141,0.1596,0.3628,-0.4821,104.5236,344.0931,12.7749,punching
0.13,0.2671,0.9626,-0.1706,0.5347,0.4211,106.0597,346.4527,13.3491,punching
-0.8131,-0.1614,0.9999,0.6131,0.8075,-1.3516,110.3398,355.2391,6.8134,punching
-0.4117,0.0537,0.9153,0.0325,-0.7258,-0.082,104.8448,354.393,11.2039,punching
-0.3048,-0.2868,1.0296,1.3346,-1.4179,-0.6989,107.064,350.9408,7.6774,punching
0.154,0.2042,0.7235,-0.2604,0.4727,0.8093,105.5553,347.872,7.0603,punching
0.8694,-0.008,1.0396,0.2393,-0.2218,-0.7527,107.2144,344.2079,8.7986,punching
0.6064,-0.0077,0.9087,-0.3343,0.2137,-0.0459,107.1992,343.3298,9.1895,punching
-0.0963,-0.1073,0.9565,-0.1355,1.2158,-0.2044,107.9696,354.1678,7.9494,punching
-0.9242,-0.2103,0.7901,-0.181,0.2329,0.1444,109.6398,3.3781,4.9102,punching
-0.5877,-0.0347,0.8481,0.2084,-0.9408,0.3307,113.0524,2.4649,2.1546,punching
0.0053,0.0415,0.8105,-0.6171,-0.1947,0.6804,116.1255,352.3652,3.3686,punching
0.9977,-0.2605,1.2516,0.9482,-0.3492,-0.6901,113.456,353.1174,4.2437,punching
0.4253,-0.0116,0.9782,-0.1993,-0.4781,-0.1724,111.3041,351.9136,3.3878,punching
0.208,-0.0268,0.7189,-0.148,1.4999,0.0894,112.7529,1.1964,358.2284,punching
-0.8022,-0.0839,0.9826,0.2032,0.6257,-0.3025,110.4461,8.2458,2.5978,punching
-0.5823,0.0658,0.8629,-0.2491,-0.8611,0.1948,114.3346,6.0845,1.9767,punching
-0.3118,-0.0058,0.7927,1.0001,-0.7411,-1.1705,111.0801,1.1609,355.6415,punching
1.0447,0.4579,0.6573,-0.5109,0.2998,1.2592,104.8281,353.4408,7.591,punching
0.5838,0.2729,0.8415,-1.2005,0.6193,0.5344,110.2616,355.3258,359.3758,punching
0.6049,-0.0027,0.996,0.2194,1.2513,-1.052,102.8091,359.7354,356.2053,punching
-0.6716,-0.1696,0.9105,-0.2234,0.948,0.7259,108.5858,8.6502,356.1839,punching
-0.7153,0.0393,0.8239,-0.1132,-0.7331,-0.1638,112.2307,8.5413,354.968,punching
-0.2513,-0.1235,1.1122,0.9745,-0.7964,-0.7557,112.9863,2.2219,355.5193,punching
0.1755,0.1195,0.9048,0.4693,0.2986,-0.0068,127.3665,0.9261,341.1504,punching
1.0864,-0.0581,0.8527,0.4094,0.4596,-1.1021,118.3109,353.0433,348.5253,punching
0.4323,0.0301,0.9904,0.3972,0.1835,-1.1681,114.0697,352.9872,356.9678,punching
-0.8521,-0.0236,0.7876,-0.1996,1.2998,0.5732,119.2925,9.3414,352.1089,punching
-0.8417,-0.1392,0.8688,0.3691,-0.8532,-0.3068,122.5814,10.4845,350.1355,punching
-0.2666,0.0015,0.9156,1.1,-1.5456,-1.4366,112.89,357.8399,358.6912,punching
0.2005,-0.048,0.9616,-0.4608,-0.7921,0.4913,110.3496,355.082,1.3061,punching
0.8469,-0.0967,1.092,0.0698,-0.8794,0.2467,131.5549,349.6489,350.9325,punching
0.6662,-0.0186,0.8776,0.1196,0.8915,-0.4613,123.9359,353.8025,347.3906,punching
-0.2807,0.1947,0.9624,-0.8587,1.6712,0.5631,116.4434,3.1199,348.9288,punching
-1.0772,-0.1218,0.7133,-0.1575,-0.2194,-0.1864,118.5297,8.8437,347.701,punching
-0.5045,-0.0285,0.8968,-0.4149,-1.1898,0.1783,122.742,4.535,348.5657,punching
0.0465,-0.2726,0.9307,1.4968,-1.0703,-0.0896,127.402,356.435,350.2898,punching
1.4062,0.1547,0.9014,-0.356,0.6474,-0.2619,119.2277,351.1718,351.9061,punching
0.859,0.0153,0.9312,-0.7216,1.4287,-1.3174,109.7191,351.8126,357.7554,punching
-0.5277,-0.0364,1.2723,-0.1303,0.769,-0.352,115.2327,2.4155,355.711,punching
-0.8928,-0.1257,0.6911,-0.3832,-0.0734,0.2192,113.6285,7.4643,353.9308,punching
-0.3742,0.0537,0.9767,-0.0301,-0.6742,-0.4775,110.9731,2.3588,355.2576,punching
0.1969,-0.7813,1.1239,1.0172,-1.4234,-1.2316,134.6222,358.8306,357.8455,punching
0.746,0.1646,0.9114,-0.4479,0.3597,1.6975,137.647,355.4691,354.6797,punching
0.7128,0.0136,0.8663,0.5667,0.6245,-1.4023,130.378,357.3442,354.8577,punching
-0.6521,-0.0574,0.8015,-0.0832,1.2293,0.3117,129.5461,10.4786,353.4478,punching
-1.0547,-0.0753,0.7694,-0.068,-0.4066,0.4272,131.4483,13.0829,354.5079,punching
-0.5993,0.0707,0.9426,0.1968,-1.2108,-0.107,130.8212,5.5674,353.892,punching
0.146,-0.6713,0.9633,2.2884,-1.3507,-1.6094,133.4731,359.3825,356.6404,punching
0.8558,0.035,0.9702,-0.1538,0.543,-0.4793,121.3648,354.2609,0.4671,punching
0.7072,0.0027,0.9999,0.2292,0.0198,-1.9665,108.0873,349.6639,8.0963,punching
-0.4329,-0.1942,1.1368,0.0667,0.8753,-0.72,112.7728,358.3558,7.7396,punching
-1.1219,-0.164,0.7535,-0.0359,-0.4143,0.3383,110.5518,3.8855,7.122,punching
-0.2533,-0.1107,1.073,1.3144,-0.7939,0.0259,115.7457,356.8465,4.5491,punching
0.515,0.3958,0.5459,-0.7375,0.918,0.7448,109.3167,346.9678,4.301,punching
1.3245,-0.014,0.813,-0.3954,0.6337,-1.1846,98.7488,337.917,12.4384,punching
0.7576,-0.1184,0.9443,0.709,0.5585,-2.5346,89.3967,336.4472,17.9099,punching
-0.5815,-0.214,0.9329,-0.2274,1.1437,0.5463,102.6207,348.8064,5.3994,punching
-1.0012,-0.1387,0.8654,-0.0487,-0.1519,0.5139,106.2411,352.7888,4.9813,punching
-0.5509,0.0121,0.9767,-0.3969,-1.0129,0.55,107.6754,350.6633,6.2495,punching
-0.0491,-0.4265,1.1215,3.5728,-1.6873,-0.8623,115.7512,346.5809,13.549,punching
0.8132,0.3108,0.8797,-0.8309,-0.0453,0.7678,101.9831,345.1981,26.5244,punching
0.4168,-0.0116,0.8924,0.0157,0.5491,-1.0621,104.337,345.2476,20.0818,punching
-0.29,0.1503,1.1449,-0.5167,0.7684,0.6193,100.0637,356.9809,19.9088,punching
-0.9918,-0.097,0.714,-0.9492,0.5601,0.2256,106.5667,2.4958,11.8944,punching
-0.5156,-0.1855,0.7971,0.0182,-0.53,0.0478,106.1466,4.9005,5.3171,punching
0.112,0.1991,0.6689,0.0285,-1.1583,-1.0089,99.8696,351.9409,20.813,punching
1.2854,-0.1298,1.1244,-0.0051,-0.4448,-0.7002,106.9728,343.0423,17.8809,punching
0.4046,-0.0659,0.927,-0.3456,0.5775,-1.0025,104.0017,347.2073,18.3485,punching
-0.4964,-0.4376,0.997,-0.0157,1.097,-0.5768,112.0374,0.8105,2.6137,punching
-0.9464,-0.1768,0.8293,-0.0811,-0.2402,0.4626,114.6944,3.3808,359.8458,punching
-0.4362,0.092,0.8412,-0.3355,-1.0911,0.2452,113.612,353.7684,3.6217,punching
0.3896,-0.1008,1.0282,-0.0405,-0.26,-0.9301,116.8676,348.096,2.9638,punching
0.8149,-0.2123,1.0301,0.786,-1.2829,-0.3025,121.0899,343.8823,3.0395,punching
0.4349,0.0121,0.9558,0.0982,0.429,-0.2145,116.2105,347.7251,3.9133,punching
-0.0321,0.2887,0.9368,-1.8144,1.1297,1.3084,117.8239,355.1834,351.9396,punching
-0.8612,-0.1445,0.8824,-0.0451,0.8704,0.3753,120.0942,6.9157,346.7605,punching
-0.5801,-0.0709,0.9005,0.2585,-0.8061,-0.3171,123.9002,0.1358,348.0206,punching
-0.0338,0.4399,0.852,0.0291,-0.0649,0.2879,127.775,347.3525,352.9187,punching
0.7933,-0.0533,1.0345,0.6,-1.1546,0.4458,135.2794,348.2546,354.7124,punching
0.7189,-0.0813,0.8115,0.2069,0.7632,-1.0154,128.7838,347.5728,351.5069,punching
-0.0089,0.3168,0.7528,-1.1523,1.6205,0.6706,121.1454,353.083,352.8637,punching
-0.9056,-0.3066,0.8741,-0.2741,0.1752,-0.0007,129.7711,2.9959,348.0966,punching
-0.5295,-0.0931,0.948,0.1758,-0.8391,-0.2826,126.7074,359.7126,347.6944,punching
-0.0755,-0.1298,0.8744,-0.641,-0.2851,0.1862,128.0565,356.3235,343.4182,punching
0.7189,0.0867,1.0031,0.5261,-1.2377,0.4364,127.7341,353.0114,3.0393,punching
0.6495,0.3894,0.8366,-0.9525,0.0329,-0.0774,128.5527,352.2335,2.5748,punching
-0.0938,0.2035,0.8405,-0.3814,0.1465,0.8918,123.6248,358.6071,2.3486,punching
-0.37,-0.0755,1.0567,-0.4269,0.6865,0.6773,129.2268,2.4603,0.4234,punching
-0.7575,-0.1867,0.9395,-0.1394,-0.2615,-0.2811,127.7842,8.4417,354.5536,punching
-0.135,-0.4243,1.0233,-0.5176,-0.9845,0.5417,133.5213,3.7588,346.8812,punching
0.2584,0.0612,0.5934,0.8529,-0.6568,0.8175,140.6388,350.6473,349.0332,punching
1.3351,-0.02,0.9336,0.1828,0.2965,-1.1736,133.6596,341.7375,358.8472,punching
0.5356,-0.0039,1.0603,-0.1068,0.4993,-1.3837,127.1495,347.6512,4.1795,punching
-0.6657,-0.0782,0.9762,-0.3258,0.5445,0.2473,126.9101,0.5019,357.7426,punching
-0.7723,-0.2979,0.725,-0.55,0.1062,-0.4579,123.7727,3.9746,351.5217,punching
-0.3582,-0.1539,0.9877,0.5634,-1.1137,-0.7142,118.1857,0.004,356.5715,punching
0.4068,-0.3978,0.9794,2.3318,0.5692,-0.5206,122.7294,358.8992,356.2058,punching
1.012,0.228,0.9365,-0.0771,0.0772,-0.3703,116.3488,355.5417,3.4313,punching
0.5559,0.152,0.7937,-0.5008,0.9406,-0.5221,113.8797,354.2187,1.9928,punching
-0.6588,-0.2417,1.0004,0.0075,0.3615,-0.2194,120.2379,2.4066,358.8568,punching
-0.8242,-0.1288,0.7662,-0.4537,-0.3736,0.7302,118.9005,5.3168,356.4087,punching
-0.5159,0.1241,1.0282,-0.2042,-1.22,-0.3517,120.927,357.5413,1.2866,punching
0.1026,-0.8231,1.2723,2.5285,-1.1934,-0.6382,124.0895,3.4335,1.2482,punching
0.8507,0.1129,0.7803,-0.2167,0.4675,0.6324,116.1644,357.0226,5.622,punching
0.4621,0.0073,0.8149,0.0591,0.2696,-0.5001,112.6803,358.3914,6.005,punching
-0.1471,0.0937,1.0562,-0.9269,1.3756,-0.0526,110.5284,6.39,8.3726,punching
-1.3107,-0.3628,0.6919,-0.6068,-0.1183,1.6746,124.9327,14.3462,352.8746,punching
-0.3364,0.1481,0.8437,-1.3282,-0.7157,0.9046,129.279,8.2017,356.1331,punching
0.0674,0.245,0.8527,-1.666,-0.8318,0.524,121.4092,359.4177,15.4417,punching
0.6612,-0.6571,0.9348,1.0945,-1.1097,-0.4671,132.1268,351.2179,9.1319,punching
0.6064,-0.1674,0.8822,0.1635,0.5088,-0.5923,125.1744,353.6103,9.5407,punching
-0.4774,-0.0181,1.0009,0.556,0.7503,0.2959,124.0701,7.3685,7.7292,punching
-0.8659,0.1003,0.6022,-1.0133,0.5735,-0.3627,113.7104,15.0044,10.6647,punching
-0.6373,-0.1867,0.8849,0.213,-0.9515,0.5979,119.7429,13.3158,3.8052,punching
0.1392,0.2489,0.8093,-0.0432,0.5256,-0.0859,119.456,0.2031,5.6196,punching
0.7926,-0.1522,1.054,0.0505,-1.6003,-0.9641,110.7727,2.5284,12.5059,punching
0.7438,0.0789,0.8132,-0.3166,1.3695,-0.6287,117.654,0.4558,10.0265,punching
-0.1316,-0.0417,0.9602,0.107,0.9745,-0.0749,112.3641,12.0764,14.4722,punching
-0.998,-0.0876,0.7969,-1.0573,0.1899,0.8588,117.7949,13.4319,11.5889,punching
-0.3224,-0.0113,0.8066,0.4595,-0.355,-0.5505,115.6196,10.9466,14.9071,punching
-0.391,0.2328,1.1749,-1.5961,-1.8584,0.9296,112.7633,4.0153,23.5213,punching
0.963,-0.075,1.0752,0.6125,-1.257,0.0533,117.3105,352.9027,23.3366,punching
0.5411,-0.0179,0.7345,0.1477,0.8478,-0.348,116.1645,1.0684,23.6246,punching
-0.4332,0.0015,1.1147,0.0817,0.6673,0.458,119.2872,12.2995,21.1578,punching
-0.9859,-0.3478,0.7184,0.3905,-0.0792,-1.0331,119.2082,19.3481,22.4503,punching
-0.5885,0.1146,0.8105,-0.3982,-0.6097,0.2494,112.7009,17.7827,16.692,punching
-0.0059,0.2841,0.7428,-1.0649,-0.1464,0.5591,110.139,5.5828,17.6144,punching
1.0862,-0.3495,1.2285,0.9036,-0.611,-1.2567,112.2517,357.8736,13.1821,punching
0.41,0.1656,0.8371,0.166,-0.0166,0.3921,110.231,358.2289,16.8073,punching
-0.2945,-0.0355,0.9918,-0.6526,1.5781,0.4846,109.3045,11.9121,9.9655,punching
-1.0925,-0.2422,0.7781,-0.4693,-0.2209,0.4229,115.133,13.0806,6.3008,punching
-0.4194,-0.0685,0.8213,0.1174,-1.1965,-0.1776,107.876,7.6765,8.4907,punching
0.0749,0.2107,0.6297,-0.3523,-0.8312,0.3322,102.4276,356.7773,18.7205,punching
1.5201,-0.0721,0.9987,-0.6675,1.0756,-1.0896,101.6025,351.4274,11.8205,punching
0.1656,0.1488,0.8605,0.1492,0.4015,0.1169,95.7504,358.3996,17.6274,punching
-0.6035,-0.0171,1.043,-0.0157,0.3435,-0.2652,108.0302,359.6635,13.1003,punching
-0.8708,-0.1134,0.9224,-0.1776,-0.2246,-0.22,102.6978,2.2013,13.137,punching
-0.5448,0.1381,0.9504,-0.5383,-0.9207,0.4984,106.6815,357.4765,14.1892,punching
0.3865,-0.7164,1.016,1.95,-1.2612,-2.0639,114.2018,351.2954,5.1564,punching
1.477,0.3426,0.7245,-0.5964,1.2913,-0.1666,101.4729,348.9692,13.4963,punching
0.2344,0.2294,0.804,-0.8157,1.3716,-0.3529,105.075,356.9814,13.7858,punching
-0.898,-0.0934,0.9882,0.0985,-0.2463,0.5582,110.2835,7.785,8.6395,punching
-0.6985,-0.097,0.8997,-0.0234,-0.3535,-0.1024,109.8342,7.2904,8.2791,punching
-0.3705,-0.3794,0.9039,0.392,0.2559,0.0234,110.9708,7.4703,359.0694,punching
0.8282,-0.5792,0.5422,0.4293,-1.0117,0.1315,123.2654,350.0428,346.1379,punching
0.7167,-0.1681,0.8308,0.8318,0.6343,-0.9017,115.965,350.6484,350.887,punching
0.2873,-0.0099,0.8641,0.22,1.2198,-0.045,113.9096,355.0977,354.7764,punching
-0.8151,-0.2366,0.8327,-0.6694,0.5808,-0.8263,115.6096,4.2769,348.3253,punching
-0.5534,-0.0786,0.7616,0.3889,-0.4036,0.0036,114.9313,2.434,348.4017,punching
-0.0802,0.0192,0.6958,-1.1541,0.3371,0.1196,119.709,356.7012,343.9294,punching
0.819,0.2008,0.9894,0.3199,-1.6662,0.3597,120.2417,342.9987,356.9976,punching
0.4752,-0.0687,0.8408,-0.0704,0.2387,-0.0041,124.3496,347.7053,352.0762,punching
0.3225,-0.227,1.0869,1.2692,0.5793,-0.3394,124.1162,356.4133,356.1319,punching
-0.68,0.0665,1.014,-0.7363,0.4883,0.8258,126.4412,3.1691,353.8591,punching
-0.9743,-0.393,0.8817,0.4192,-0.1895,-0.7264,125.519,11.3612,349.159,punching
-0.5534,-0.0304,0.7291,0.1635,-0.764,-0.3281,125.3263,6.714,347.8479,punching
0.4573,0.3093,0.5035,-1.1156,-0.4143,1.831,131.64,356.8743,348.853,punching
0.948,0.1299,0.868,0.2775,0.4944,-0.3862,128.5885,354.0068,354.3634,punching
0.3443,-0.0222,0.9034,0.545,1.2213,-1.107,119.1834,358.9,358.9613,punching
-0.8768,-0.1148,0.9234,-0.3264,0.601,-0.3312,132.5914,7.1511,349.8208,punching
-0.7346,-0.0265,0.8008,0.2277,-1.0636,-0.6122,126.1649,0.3497,351.9791,punching
-0.3061,0.2981,0.9243,-1.0347,-0.8168,0.805,125.1058,352.0029,354.7211,punching
0.8937,0.6067,0.7854,-2.1254,-0.0422,1.064,124.4112,340.2092,0.4676,punching
0.9458,-0.0533,0.9224,0.4665,0.3313,-0.289,127.9832,341.1149,359.7022,punching
0.8403,0.2906,0.9356,0.4342,0.9697,-0.6815,114.7282,345.6799,17.2635,punching
-0.72,-0.2021,1.0014,0.111,1.0494,-0.3272,129.7886,358.5269,8.6578,punching
-0.9365,-0.1247,0.8096,0.0832,-1.1345,0.0918,125.1495,355.5276,10.994,punching
-0.3229,0.3695,1.0898,-0.517,-0.6189,-0.4182,129.2236,348.4805,7.5513,punching
0.1942,0.4135,0.7486,-1.1214,-1.3098,0.9128,127.127,335.7449,18.8902,punching
1.1174,0.0277,1.0328,0.1816,0.572,-0.9069,128.0825,332.9968,14.3676,punching
0.5021,-0.0673,0.8312,0.549,0.8808,-1.1937,121.7406,340.7128,18.866,punching
-0.8101,-0.0965,0.9314,-0.527,-0.2661,2.2436,131.7015,346.0784,11.5961,punching
-0.8681,-0.178,0.823,-0.5997,0.5634,-0.7258,136.2935,352.2915,1.1457,punching
-0.3942,0.0435,0.956,0.3236,-0.8174,-0.0282,133.1666,349.2955,4.1419,punching
-0.0857,0.2394,0.8688,-1.0606,-0.8416,1.2845,138.212,338.9968,3.9305,punching
1.074,-0.2485,1.0299,1.1568,-1.9353,0.0344,141.0605,328.5997,2.0917,punching
0.6895,0.1187,0.7457,0.162,1.2839,-0.2393,134.7901,337.7366,8.7165,punching
-0.0807,0.0736,0.8927,-1.111,2.0026,0.9486,125.9644,351.1589,8.9533,punching
-0.8931,-0.0941,1.0167,-0.247,0.0344,0.2748,134.992,355.0817,2.0765,punching
-0.6433,-0.0024,0.7606,-0.3319,-0.4418,0.0201,128.8517,358.7743,2.2203,punching
0.6815,-0.1361,0.9882,-0.6184,-1.0557,0.1489,121.9382,355.1574,11.2061,punching
0.898,0.0097,1.1395,0.4293,-0.315,-0.2814,126.3656,346.3853,8.5214,punching
0.5632,-0.2866,0.9187,1.4842,0.1267,-1.6369,118.4676,348.7138,8.8289,punching
-0.7874,0.4907,0.6672,-1.1608,1.6752,2.4485,127.4908,3.2106,2.47,punching
-0.9377,-0.3191,0.7962,0.2048,-0.1385,-0.7044,127.6711,11.665,357.2459,punching
-0.5013,-0.0072,0.9604,0.465,-1.0569,-0.7622,121.5993,5.219,0.2297,punching
-0.0153,-0.0596,0.9887,0.2045,-0.5777,0.7592,134.0958,1.9345,352.6019,punching
0.9341,0.0612,0.9536,0.377,-0.4595,-0.1095,136.3071,354.0804,355.26,punching
0.849,0.0036,0.9029,-0.8047,1.1215,-0.7133,130.7672,353.1118,344.1365,punching
-0.314,0.2627,0.7935,-0.5139,1.0598,0.196,120.5996,359.6317,353.9038,punching
-1.0234,-0.2916,0.9097,-0.3936,0.1807,0.3166,124.4425,8.937,347.8767,punching
-0.6361,-0.2521,1.1364,0.5426,-1.0734,0.8524,128.629,9.2517,343.858,punching
-0.2769,0.2015,0.5434,-1.6458,0.1682,0.4806,132.4553,6.5794,342.5445,punching
1.027,-0.1061,1.3413,0.3492,0.32,0.0643,147.5407,353.2082,356.287,punching
0.3923,0.1719,0.9158,-0.3026,-0.2997,-1.1699,149.0869,352.1475,345.8353,punching
-0.1108,0.2365,0.9772,-0.1706,1.0888,-0.9949,126.8014,359.2438,354.7266,punching
-1.0537,-0.4521,0.6819,-1.2063,0.7168,-0.1061,136.0097,7.2204,347.6178,punching
-0.5541,-0.0087,0.63,-0.064,-0.6504,0.188,134.1878,1.012,350.5365,punching
-0.0425,0.0405,0.8498,0.5847,-2.0801,1.6987,130.1389,347.0837,11.5315,punching
1.1322,-0.4897,1.5872,1.3776,-1.3061,-1.1986,137.8927,340.3997,6.1762,punching
0.5123,-0.0205,0.7209,-0.739,0.5307,-0.1748,124.3991,346.0828,10.3124,punching
-0.0027,-0.2321,1.1295,0.3306,1.8068,-0.5426,127.5355,357.5226,6.1825,punching
-0.9829,-0.2436,0.7408,-0.1459,0.0356,-0.1211,127.6881,4.2884,5.4326,punching
-0.3996,0.2367,0.8707,-0.9727,-0.5325,0.1883,122.5246,359.1487,6.4267,punching
-0.0948,-0.7278,1.113,1.6229,-1.6739,0.0814,129.9926,357.3578,356.5218,punching
1.0723,0.1347,1.1066,-0.5273,-0.2081,-0.2948,134.2224,355.6988,349.4636,punching
0.6185,-0.4125,0.947,0.4986,0.6963,-0.9695,123.5914,357.4578,353.2014,punching
-0.4329,-0.2644,1.0669,0.7026,1.3334,-0.921,124.863,9.006,348.4723,punching
-0.8484,-0.3281,0.7165,-0.2754,-0.0148,-0.8309,119.5442,9.5825,348.5288,punching
-0.7037,-0.102,0.8027,-0.2964,-1.8131,1.7094,122.3552,5.5124,351.4862,punching
0.137,-0.0659,0.7075,0.06,-0.7903,0.3805,130.4654,352.9581,355.4972,punching
1.4527,-0.2644,1.3462,0.8043,-0.1739,-0.8565,136.1526,353.3259,343.326,punching
0.4204,0.1015,0.8476,-0.4925,0.6434,-0.0038,126.6563,359.4003,345.8973,punching
-0.2357,-0.4241,1.2036,0.1755,1.4889,-0.3388,127.9467,9.9926,338.4292,punching
-1.346,-0.1544,0.6161,0.016,-0.7316,0.3713,120.626,13.6945,339.6384,punching
-0.3004,0.185,0.8914,-0.787,-0.5994,0.4162,129.1555,7.0768,340.1504,punching
0.202,-0.5413,0.8025,-0.4342,0.3145,0.933,140.1894,11.8641,332.5311,punching
1.0549,-0.1778,1.2275,0.2371,-0.7548,-0.7396,139.9436,357.4039,341.0212,punching
0.6515,-0.0984,1.0001,0.644,-0.5664,-2.0587,128.9078,352.1753,351.0536,punching
-0.7953,-0.0765,0.8737,-0.1288,0.6987,0.2103,130.1606,4.7955,346.2499,punching
-1.07,-0.3363,0.7469,-0.0182,0.1102,-0.2341,129.3904,12.6494,342.5302,punching
-0.5702,-0.2212,1.0747,1.2851,-1.7936,-0.3101,125.3461,6.4858,344.1977,punching
-0.038,-0.26,0.9989,0.6128,-1.0761,0.7476,140.9834,2.4003,342.4561,punching
1.1237,0.1275,0.7745,-0.4464,0.834,0.0155,141.0976,1.3625,341.3712,punching
0.6473,-0.0767,0.927,0.1733,0.3768,-0.1519,134.76,357.2054,342.8247,punching
-0.4761,-0.0772,1.0408,0.1052,0.5671,-0.3245,132.689,3.9166,344.8277,punching
-1.0034,-0.1754,0.852,-0.2708,0.3508,-0.4903,130.3251,10.0573,342.5301,punching
-0.5598,0.034,0.9007,0.3615,-0.9256,0.1835,121.4093,5.0303,345.2545,punching
-0.098,-0.1018,0.782,-0.0448,-0.5196,-0.5364,135.3603,356.8142,342.9407,punching
1.156,0.1182,1.1078,0.6137,-0.1711,-0.3217,131.7988,351.8259,349.3636,punching
0.3964,0.0748,0.774,-0.5365,1.0335,-0.3908,126.3233,355.6018,348.5143,punching
-0.3638,0.0978,0.9665,-0.4592,1.2623,0.2913,121.5504,2.2653,348.0264,punching
-0.9725,-0.2084,0.8115,-0.1556,-0.3074,0.3915,121.8249,7.2624,345.3171,punching
-0.4843,0.0007,0.8593,-0.5145,-0.5044,-0.5138,126.8061,5.4363,343.8732,punching
0.1501,0.589,0.688,-1.2802,-0.3822,2.4055,122.2774,352.9766,358.0662,punching
1.2687,0.0481,1.053,-0.3004,0.138,-0.8229,122.753,345.9808,358.2885,punching
0.2732,-0.1935,1.0133,0.4623,0.0173,-0.8358,120.6271,351.312,0.4928,punching
-0.7057,-0.1122,0.9553,-0.0271,0.9122,0.0747,120.7031,8.0228,354.7297,punching
-1.0727,-0.2157,0.6726,0.0291,-0.2533,0.174,113.396,13.6041,357.0188,punching
-0.5105,0.0588,0.8992,-0.0991,-0.9118,-0.2044,119.8047,4.8818,357.0793,punching
0.2858,-0.1575,0.5027,0.0026,-0.1165,1.0301,128.5465,2.1422,355.3619,punching
0.8956,-0.0921,1.0179,0.3835,0.2592,-0.735,124.9265,355.4385,351.7982,punching
0.1952,0.0566,0.9463,-0.2335,0.5152,-0.7148,119.0949,355.5881,358.8543,punching
-0.6033,-0.0613,0.9219,-0.2305,0.7357,0.6505,121.8885,3.3849,356.921,punching
-0.8099,-0.1751,0.8902,0.6266,-0.2426,-0.362,123.1905,6.3809,355.6591,punching
-0.5342,-0.0825,0.9565,0.8025,-1.6928,-0.8947,126.1276,356.0702,354.687,punching
1.0413,0.1466,0.7557,-0.3847,-0.3504,1.0124,132.2087,342.6577,356.8775,punching
0.7761,-0.0946,1.0155,-0.4067,0.3878,-1.1317,135.0052,344.0993,350.2598,punching
0.186,0.0821,0.9251,0.2594,0.8331,-1.0658,126.8334,350.8891,359.461,punching
-1.2233,-0.1913,0.7092,-0.4702,0.4361,1.0597,124.3555,5.3436,359.653,punching
-0.562,-0.1462,0.7562,0.4192,-1.33,-0.6708,126.0456,358.2086,0.0274,punching
0.0849,0.0969,0.7945,0.7179,-0.9631,-0.8825,133.6052,342.785,0.1383,punching
0.8178,0.2731,1.1088,-0.5628,-0.7389,1.9266,136.2955,337.1563,3.3281,punching
1.074,-0.1078,0.8144,-1.0136,1.0185,-0.6522,145.3564,334.5993,347.3878,punching
0.0036,-0.228,0.9448,0.3557,1.269,-0.9705,143.8455,347.8308,345.8744,punching
-0.8758,-0.0687,0.7516,-0.2958,0.7632,0.3698,134.1374,357.6368,349.9244,punching
-0.5941,-0.0118,0.8766,0.2573,-0.8012,-0.2542,136.7519,354.3353,349.9549,punching
-0.2616,-0.2487,1.247,0.9797,-1.0807,-0.4656,133.4849,352.6431,346.9537,punching
0.7266,0.1967,0.6292,-1.1856,-0.2151,2.1098,142.0836,342.0642,344.964,punching
1.0859,-0.1288,0.997,0.0026,0.6129,-1.0997,144.3828,344.4632,336.4788,punching
