acc_x,acc_y,acc_z,gyro_x,gyro_y,gyro_z,direction
-0.10736,-0.349347,0.923418,0.039386,-0.009353,-0.015188,rest
-0.105957,-0.364841,0.924333,0.036983,0.00163,-0.002317,rest
-0.110349,-0.367037,0.920185,0.004891,-0.008495,0.031492,rest
-0.103639,-0.34892,0.927261,0.017247,-0.081175,0.012271,rest
-0.104859,-0.338855,0.935862,-0.04462,-0.152653,-0.011155,rest
-0.163175,-0.317139,0.962519,-0.158745,-0.098765,-0.056891,rest
-0.140605,-0.285846,0.892613,-0.04033,-0.043934,-0.078,rest
-0.159271,-0.298717,0.925431,0.05998,0.004634,-0.058607,rest
-0.146644,-0.302865,0.927322,0.030376,0.015789,-0.073623,rest
-0.151768,-0.332816,0.926163,0.009353,0.002574,-0.039987,rest
-0.088938,-0.24217,0.965813,0.039386,-0.036898,-0.013386,rest
-0.100589,-0.236253,0.950258,0.020508,-0.033294,0.001287,rest
-0.09577,-0.232532,0.957029,0.030719,-0.044878,0.004548,rest
-0.104859,-0.225822,0.952881,-0.009525,-0.005663,0.004548,rest
-0.091927,-0.213744,0.955016,0.062211,-0.000257,0.001116,rest
-0.091622,-0.2196,0.954345,0.099881,-0.019822,0.008409,rest
-0.096624,-0.243939,0.954284,0.036211,-0.020594,-0.002145,rest
-0.096258,-0.239303,0.954894,0.046336,-0.021452,-0.010554,rest
-0.09577,-0.245037,0.952881,0.032779,-0.028917,-0.001459,rest
-0.093269,-0.248209,0.952942,0.025313,-0.036039,-0.004805,rest
0.009089,-0.314516,0.922564,0.093788,-0.062468,0.015703,rest
-0.040138,-0.387228,1.002718,-0.215636,0.135749,0.139181,rest
0.009638,-0.230275,0.966545,0.061782,0.071993,0.000772,rest
0.027145,-0.242231,0.880718,0.219755,-0.038871,-0.049511,rest
0.001281,-0.310612,0.897127,0.172474,-0.125194,-0.167669,rest
-0.017995,-0.347273,0.966545,-0.045907,-0.110435,-0.174191,rest
0.008052,-0.292678,0.965325,-0.047538,-0.068732,-0.053201,rest
0.00366,-0.2501,0.964227,0.043676,0.009696,0.021366,rest
0.008052,-0.234118,0.951051,0.035439,0.016475,0.037841,rest
0.004941,-0.228323,0.935191,-0.052944,-0.021624,0.050713,rest
-0.000732,-0.224846,0.962275,-0.034667,0.002059,0.041874,rest
0.01342,-0.20557,0.959957,-0.032006,-0.022139,0.025399,rest
0.007076,-0.180255,0.966484,0.022482,-0.013129,0.007809,rest
0.006588,-0.182329,0.96197,0.035267,-0.037069,-0.003432,rest
0.002501,-0.184464,0.965569,0.014502,-0.034924,-0.025399,rest
0.004209,-0.188917,0.967582,0.026,-0.032607,-0.02231,rest
0.00305,-0.192577,0.973194,0.019736,-0.021366,-0.018535,rest
0.001891,-0.194651,0.972523,0.016647,-0.016818,-0.008409,rest
0.002806,-0.191479,0.966545,0.015703,-0.011069,-0.007294,rest
0.011407,-0.188673,0.961787,0.026343,-0.017333,-0.006178,rest
-0.019947,-0.336842,0.939644,0.020337,-0.017076,-0.007551,rest
-0.011834,-0.339282,0.929518,0.026772,-0.020766,-0.013558,rest
-0.013359,-0.347761,0.924821,0.032092,-0.04136,0.000429,rest
-0.020008,-0.342759,0.93696,0.030891,-0.023769,-0.00635,rest
-0.018239,-0.344467,0.930982,0.026601,-0.015617,-0.0133,rest
-0.016348,-0.349835,0.926956,0.026429,-0.024799,-0.024627,rest
-0.016348,-0.349347,0.924577,0.055175,-0.029861,-0.028231,rest
-0.018544,-0.35502,0.932995,-0.001459,-0.024455,0.000858,rest
-0.016775,-0.352641,0.926834,0.014759,-0.02703,-0.001888,rest
-0.019825,-0.356972,0.926285,0.038957,-0.027973,0.014073,rest
-0.031964,-0.3416,0.924333,0.029261,-0.027115,-0.007122,rest
-0.032086,-0.344772,0.923174,0.03029,-0.02394,-0.008152,rest
-0.033001,-0.347029,0.922747,0.04196,-0.020079,-0.000772,rest
-0.032696,-0.347639,0.920795,0.019736,-0.024455,-0.006779,rest
-0.03416,-0.348066,0.920978,0.029175,-0.019736,-0.004719,rest
-0.033977,-0.347944,0.922015,0.034752,-0.018449,-0.003003,rest
-0.033367,-0.350933,0.920063,0.02703,-0.025142,-0.003003,rest
-0.033367,-0.351421,0.919026,0.02437,-0.031835,-0.006865,rest
-0.03477,-0.348798,0.922198,0.038099,-0.021967,-0.005578,rest
-0.034404,-0.351848,0.919514,0.041874,-0.021881,-0.003518,rest
-0.001891,-0.223992,0.955138,0.074739,-0.05732,0.010898,rest
-0.016043,-0.233081,0.967643,0.06959,-0.024884,-0.019908,rest
-0.014945,-0.253638,0.958371,0.074396,-0.016647,-0.016218,rest
-0.018117,-0.277306,0.955321,0.042389,-0.009696,-0.015875,rest
-0.016592,-0.273219,0.951966,0.026772,-0.00738,-0.040759,rest
-0.016775,-0.277855,0.950319,0.026601,-0.004977,-0.052944,rest
-0.011773,-0.277245,0.942816,0.064614,-0.034924,-0.014244,rest
-0.018605,-0.285785,0.949587,0.034667,-0.008066,-0.033637,rest
-0.017507,-0.288713,0.947818,0.02068,0.003776,-0.022396,rest
-0.014091,-0.292983,0.946354,0.062897,-0.021624,-0.004891,rest
-0.014518,-0.342393,0.922564,0.065386,-0.043848,-0.006607,rest
-0.01464,-0.353068,0.92842,0.037841,-0.00738,0.009353,rest
-0.009089,-0.348066,0.924638,0.021881,-0.037069,-0.01536,rest
-0.010919,-0.350262,0.926529,0.029432,-0.039643,-0.013558,rest
-0.013969,-0.35258,0.927261,0.014845,-0.033637,-0.020422,rest
-0.018239,-0.351787,0.930189,0.029947,-0.020766,-0.002917,rest
-0.018117,-0.352824,0.926529,0.020079,-0.019822,-0.003089,rest
-0.018788,-0.352214,0.929518,0.025228,-0.015875,-0.000429,rest
-0.016775,-0.349408,0.928054,0.036983,-0.025228,-0.003518,rest
-0.019825,-0.353922,0.928603,0.035267,-0.03295,-0.000858,rest
-0.027267,-0.36478,0.923784,0.021023,-0.028231,-0.005578,rest
-0.027816,-0.365817,0.923967,0.021624,-0.013129,-0.00429,rest
-0.025986,-0.366,0.925248,0.064871,-0.015445,0.005492,rest
-0.026596,-0.367769,0.926895,0.045221,0.007637,0.028059,rest
-0.019886,-0.368867,0.921344,0.022739,-0.006521,0.010554,rest
-0.015128,-0.369965,0.919209,0.019049,-0.018792,-0.012528,rest
-0.016714,-0.370453,0.922259,0.02703,-0.03235,-0.015703,rest
-0.017812,-0.372222,0.919148,0.062726,-0.034581,-0.020508,rest
-0.018849,-0.373808,0.919819,0.031749,-0.030033,-0.012185,rest
-0.019764,-0.370331,0.922564,0.026601,-0.017333,-0.002574,rest
-0.028975,-0.373625,0.914268,0.025914,-0.019822,-0.003776,rest
-0.028365,-0.374113,0.912255,0.028403,-0.024541,-0.005148,rest
-0.029829,-0.37515,0.914024,0.014502,-0.019993,-0.006178,rest
-0.027938,-0.372832,0.91439,0.037241,-0.022825,-0.006521,rest
-0.028609,-0.375699,0.912377,0.027888,-0.020851,-0.006264,rest
-0.028731,-0.377773,0.912438,0.020337,-0.022911,-0.003518,rest
-0.02928,-0.376248,0.913597,0.026086,-0.02334,-0.004977,rest
-0.030561,-0.377285,0.91439,0.028488,-0.016904,-0.004634,rest
-0.030561,-0.378322,0.914451,0.022568,-0.018792,-0.004462,rest
-0.02867,-0.378627,0.913048,0.024112,-0.02437,-0.005663,rest
-0.040199,-0.372771,0.917135,0.021023,-0.064185,0.000944,rest
-0.044408,-0.369599,0.91927,-0.006264,-0.046937,-0.002746,rest
-0.050386,-0.361181,0.926895,0.022482,-0.017333,-0.01004,rest
-0.047824,-0.362889,0.922686,0.023254,-0.015188,-0.008581,rest
-0.047885,-0.363255,0.923052,0.019822,-0.019736,-0.00532,rest
-0.048007,-0.361791,0.92537,0.024713,-0.018878,-0.003861,rest
-0.047946,-0.360937,0.925187,0.026343,-0.015703,-0.005749,rest
-0.04453,-0.361486,0.923052,0.025914,-0.021023,-0.008495,rest
-0.044225,-0.362828,0.92049,0.001373,-0.024026,-0.00532,rest
-0.046116,-0.363438,0.92354,0.020251,-0.029175,-0.004548,rest
-0.052887,-0.354654,0.924943,0.023426,-0.043848,-0.010211,rest
-0.051057,-0.355508,0.923296,0.032521,-0.024026,-0.01167,rest
-0.052887,-0.357033,0.923906,0.03132,-0.000429,-0.00532,rest
-0.053619,-0.358192,0.924394,0.018535,-0.021366,-0.002403,rest
-0.052948,-0.357887,0.923723,0.043591,-0.019736,-0.003261,rest
-0.050386,-0.357765,0.905728,0.026515,-0.02763,-0.008066,rest
-0.053009,-0.357216,0.92537,0.026944,-0.024026,-0.006779,rest
-0.051972,-0.357704,0.923723,0.024284,-0.023511,-0.011069,rest
-0.052399,-0.357399,0.924272,0.027888,-0.023168,-0.003604,rest
-0.05246,-0.356301,0.925309,0.034152,-0.018449,-0.005921,rest
-0.057645,-0.358497,0.925492,0.026343,-0.025485,-0.00695,rest
-0.057828,-0.358497,0.924882,0.027802,-0.024713,-0.00695,rest
-0.058072,-0.358985,0.924821,0.000257,-0.024198,-0.00429,rest
-0.059658,-0.360449,0.925675,0.023082,-0.001802,-0.004462,rest
-0.058072,-0.358619,0.923967,0.028145,-0.027201,-0.007809,rest
-0.05917,-0.356911,0.924333,0.032865,-0.022224,-0.007294,rest
-0.060085,-0.3599,0.926163,0.019993,-0.017676,-0.005063,rest
-0.05734,-0.359107,0.923906,0.043591,-0.026515,-0.007036,rest
-0.057645,-0.358192,0.923235,0.025056,-0.024284,-0.011069,rest
-0.058865,-0.358924,0.925248,0.027373,-0.023511,-0.009267,rest
-0.060695,-0.332877,0.925492,0.026171,-0.029261,-0.002488,rest
-0.060268,-0.331779,0.92598,0.023254,-0.025828,-0.005835,rest
-0.062037,-0.331535,0.926895,0.032865,-0.023168,-0.009696,rest
-0.063318,-0.333853,0.925309,0.035954,-0.023769,-0.011155,rest
-0.063928,-0.335134,0.92537,0.048653,-0.030033,-0.002917,rest
-0.063257,-0.339099,0.925553,0.030376,-0.024799,-0.008152,rest
-0.065819,-0.341661,0.9272,0.02068,-0.023082,-0.004119,rest
-0.066612,-0.339465,0.926346,0.018191,-0.020851,-0.00369,rest
-0.063989,-0.337757,0.92537,0.028231,-0.000772,-0.004719,rest
-0.064904,-0.339221,0.927139,0.018363,-0.020851,-0.007208,rest
-0.072712,-0.343918,0.924089,0.023511,-0.024627,-0.008238,rest
-0.072895,-0.344284,0.923113,0.019822,-0.026686,-0.01064,rest
-0.074176,-0.344467,0.923784,0.024198,-0.024627,-0.006779,rest
-0.074359,-0.34343,0.923357,0.030204,-0.043848,-0.005492,rest
-0.074481,-0.345992,0.922686,0.018964,-0.025828,-0.011927,rest
-0.073932,-0.343735,0.922747,0.0393,-0.030977,-0.003175,rest
-0.073749,-0.345016,0.921649,0.026772,-0.028145,-0.006436,rest
-0.077592,-0.345016,0.921649,0.039043,-0.032521,-0.008409,rest
-0.078324,-0.346968,0.922076,0.038699,-0.000086,-0.007036,rest
-0.076372,-0.351421,0.922442,0.009267,-0.023426,-0.002832,rest
-0.084668,-0.347151,0.926468,0.028231,-0.026343,-0.005406,rest
-0.085034,-0.349408,0.92659,0.023683,-0.000515,-0.005663,rest
-0.085522,-0.348371,0.926468,0.024112,-0.018191,-0.005234,rest
-0.085644,-0.348005,0.9272,0.024455,-0.022482,-0.006007,rest
-0.083936,-0.347151,0.926651,0.02394,-0.024455,-0.007637,rest
-0.085461,-0.348432,0.92659,0.026343,-0.00103,-0.007294,rest
-0.085278,-0.349042,0.927444,0.022396,-0.022396,-0.008838,rest
-0.08601,-0.348249,0.9272,0.023168,-0.020937,-0.008838,rest
-0.086986,-0.348493,0.927322,0.028574,-0.01965,-0.006092,rest
-0.086254,-0.347944,0.927505,0.02334,-0.001201,-0.005578,rest
-0.085278,-0.36539,0.919209,0.025914,-0.021195,-0.00738,rest
-0.085278,-0.366183,0.918111,0.02231,-0.019307,-0.006693,rest
-0.085217,-0.367342,0.917928,0.025914,-0.022739,-0.006521,rest
-0.085217,-0.365268,0.916403,0.028403,-0.024713,-0.009782,rest
-0.086742,-0.367342,0.917135,0.028317,-0.024284,-0.006436,rest
-0.08357,-0.366549,0.915122,0.032865,-0.02703,-0.00635,rest
-0.086071,-0.367647,0.915427,0.031921,-0.021709,-0.006007,rest
-0.086742,-0.369721,0.915,0.031406,-0.030119,-0.004205,rest
-0.086498,-0.371429,0.913475,0.03132,-0.027544,-0.005578,rest
-0.087901,-0.37088,0.912865,0.028488,-0.023168,-0.00635,rest
-0.096014,-0.380152,0.912011,0.027115,-0.020594,-0.006007,rest
-0.096319,-0.381372,0.912682,0.023683,-0.022139,-0.005234,rest
-0.095648,-0.380396,0.911523,0.022825,-0.002145,-0.005234,rest
-0.09577,-0.379603,0.912255,0.029432,-0.023511,-0.006007,rest
-0.09638,-0.379481,0.912804,0.033036,-0.024455,-0.006521,rest
-0.094367,-0.379908,0.911401,0.026515,-0.043934,-0.006607,rest
-0.09516,-0.380762,0.913841,0.025742,-0.000257,-0.00635,rest
-0.09638,-0.382226,0.913658,0.021452,-0.020508,-0.005148,rest
-0.094611,-0.381677,0.911218,0.021795,-0.025657,-0.003261,rest
-0.095953,-0.380884,0.912987,0.023855,-0.021023,-0.003003,rest
-0.103944,-0.381982,0.914268,0.006865,-0.009353,-0.003347,rest
-0.095404,-0.374174,0.902861,0.032178,-0.02703,-0.008752,rest
-0.101382,-0.382836,0.912011,0.032607,-0.014158,-0.006264,rest
-0.102236,-0.382287,0.909449,0.053373,-0.015016,-0.014416,rest
-0.101138,-0.392047,0.907375,0.024627,-0.024026,-0.008667,rest
-0.102602,-0.391254,0.911035,0.004462,-0.007723,-0.021795,rest
-0.096746,-0.38003,0.9089,0.029261,-0.021538,-0.008066,rest
-0.097295,-0.385642,0.913841,0.005921,0.01862,0.014502,rest
-0.091439,-0.381555,0.921771,-0.036726,0.065729,0.000515,rest
-0.083204,-0.373381,0.922442,-0.017076,0.065901,0.007208,rest
-0.032086,-0.29158,0.953186,0.052944,-0.030462,-0.017333,rest
-0.02989,-0.304268,0.942999,0.030719,-0.030719,-0.00798,rest
-0.030866,-0.301096,0.944097,0.001459,-0.02703,-0.007809,rest
-0.03233,-0.300486,0.9455,0.025571,-0.029346,-0.006264,rest
-0.032818,-0.296765,0.94611,0.041789,-0.000172,-0.043934,rest
-0.036905,-0.304024,0.948916,0.053888,0.007894,-0.025571,rest
-0.031781,-0.320128,0.94245,0.012785,0.019049,-0.004462,rest
-0.018788,-0.328241,0.929274,0.031406,-0.034409,0.032178,rest
-0.017751,-0.296887,0.930982,-0.001888,-0.081346,0.005063,rest
-0.030134,-0.301279,0.942999,0.035782,-0.060838,-0.013644,rest
-0.076738,-0.310185,0.933788,0.046336,-0.041445,-0.012785,rest
-0.078385,-0.313479,0.933483,0.023511,-0.025313,-0.010983,rest
-0.080886,-0.313235,0.932507,0.017419,-0.019221,-0.011756,rest
-0.081069,-0.311161,0.929457,0.070878,-0.045478,-0.003003,rest
-0.089304,-0.324886,0.934825,0.013472,-0.014673,-0.003261,rest
-0.08723,-0.317932,0.929579,0.025742,-0.021538,0.000601,rest
-0.086315,-0.316285,0.928725,0.031148,-0.030977,-0.007809,rest
-0.090646,-0.318237,0.933239,0.021109,-0.007894,-0.021624,rest
-0.084424,-0.317566,0.927444,0.024026,-0.027373,-0.00429,rest
-0.085888,-0.317383,0.931958,0.03029,-0.0127,-0.002403,rest
-0.12139,-0.342881,0.927505,0.015703,-0.006436,-0.013472,rest
-0.117425,-0.338062,0.927139,0.030119,0.002746,0.006521,rest
-0.121268,-0.337635,0.932751,0.001201,0.004891,0.018706,rest
-0.115778,-0.345992,0.928298,-0.008238,0.027973,0.048567,rest
-0.094184,-0.320006,0.910608,0.047967,-0.028231,0.040244,rest
-0.099247,-0.325435,0.932324,0.043934,-0.020851,0.00429,rest
-0.10736,-0.346907,0.930555,0.043247,-0.006607,-0.010297,rest
-0.096563,-0.356301,0.923052,-0.026772,-0.030977,-0.012013,rest
-0.098698,-0.32757,0.923418,0.033208,-0.042303,-0.014845,rest
-0.099674,-0.330254,0.920246,0.087782,-0.045907,-0.023426,rest
-0.025376,-0.370392,0.897188,0.012614,-0.070963,0.039987,rest
-0.043066,-0.352397,0.930677,-0.014587,-0.065815,0.046937,rest
-0.040382,-0.324825,0.921405,0.007465,-0.02763,0.002231,rest
-0.041968,-0.345199,0.932934,0.017162,-0.005921,0.048053,rest
-0.036356,-0.357277,0.926834,0.017076,-0.025571,0.062039,rest
-0.035441,-0.348371,0.926651,-0.028832,-0.037498,0.014073,rest
-0.020496,-0.354166,0.902312,-0.104943,-0.156171,0.045049,rest
-0.073444,-0.269193,0.97783,0.030033,-0.036211,-0.006178,rest
-0.077775,-0.273951,0.978562,0.058521,0.085637,-0.093788,rest
-0.044347,-0.313845,0.927627,-0.007294,0.033208,-0.147933,rest
-0.06649,-0.317932,0.9394,0.025313,-0.021624,-0.003261,rest
-0.065636,-0.317444,0.937753,0.033294,-0.02763,-0.005406,rest
-0.06588,-0.31781,0.938912,0.022053,-0.030204,-0.007894,rest
-0.066978,-0.317688,0.938546,0.035181,-0.027544,-0.000858,rest
-0.068015,-0.319152,0.939217,0.015102,-0.025056,-0.011327,rest
-0.070272,-0.317932,0.940376,0.026944,-0.025485,-0.004977,rest
-0.069052,-0.319274,0.921344,0.016389,-0.026944,-0.0133,rest
-0.070943,-0.321348,0.938729,0.030119,-0.020851,-0.003003,rest
-0.073383,-0.320799,0.943243,0.028145,-0.009868,0.021795,rest
-0.066063,-0.324703,0.938424,0.036812,-0.01596,0.000686,rest
-0.08479,-0.3294,0.926529,0.02763,-0.027544,-0.008495,rest
-0.085583,-0.327692,0.927017,0.03398,-0.042732,-0.006092,rest
-0.086559,-0.332816,0.927139,0.018878,-0.023855,-0.012356,rest
-0.084485,-0.332572,0.926163,0.00103,-0.014931,-0.003347,rest
-0.085583,-0.331962,0.927688,0.026171,-0.019135,-0.001716,rest
-0.085095,-0.333853,0.926468,0.020079,-0.024455,-0.004891,rest
-0.084668,-0.329827,0.926041,0.032178,-0.026,-0.004977,rest
-0.083692,-0.330864,0.925553,0.026601,-0.022482,-0.007637,rest
-0.084424,-0.330437,0.927078,0.024284,-0.043505,-0.007894,rest
-0.085461,-0.331718,0.927932,0.026343,-0.000601,-0.003347,rest
-0.092415,-0.346846,0.926712,0.023082,-0.035696,-0.009353,rest
-0.094855,-0.343979,0.926529,0.026171,-0.029089,-0.008238,rest
-0.095282,-0.34465,0.927444,0.026,-0.025657,-0.007036,rest
-0.096746,-0.347578,0.9272,0.018191,-0.021109,-0.006607,rest
-0.095465,-0.345809,0.927505,0.019564,-0.026257,-0.007809,rest
-0.096502,-0.341112,0.925065,0.025742,-0.02866,-0.002403,rest
-0.095709,-0.344833,0.926529,0.000172,-0.02394,-0.010726,rest
-0.098393,-0.343125,0.929823,0.029518,-0.024112,-0.004719,rest
-0.096502,-0.345504,0.926041,0.025828,-0.025571,-0.009353,rest
-0.098454,-0.344955,0.925858,0.042475,-0.001459,-0.004462,rest
-0.112911,-0.343125,0.924821,0.03029,-0.018706,-0.004977,rest
-0.11285,-0.345016,0.925065,0.001116,-0.018878,-0.004376,rest
-0.112362,-0.346175,0.924821,0.020079,-0.020594,-0.00635,rest
-0.113399,-0.346053,0.926224,0.019478,-0.018363,-0.002574,rest
-0.11285,-0.343857,0.925187,0.019564,-0.042732,-0.005578,rest
-0.111935,-0.343918,0.926102,0.033723,-0.018792,-0.002574,rest
-0.111142,-0.344162,0.922442,0.03561,-0.026429,-0.003261,rest
-0.110959,-0.339709,0.924516,0.034409,-0.016647,0.002488,rest
-0.113521,-0.354593,0.924455,0.011241,-0.01596,0.003261,rest
-0.115412,-0.350689,0.926529,0.019221,-0.015274,-0.004548,rest
-0.087291,-0.289628,0.905972,0.05363,-0.107174,0.00266,rest
-0.144021,-0.294447,0.967094,0.039901,0.035439,-0.033294,rest
-0.129808,-0.310002,0.942084,-0.012099,0.07062,0.001373,rest
-0.100528,-0.32696,0.933727,-0.079544,0.033208,0.02334,rest
-0.071187,-0.269376,0.926346,0.017162,-0.056119,-0.04402,rest
-0.088633,-0.268827,0.934276,0.069333,-0.051485,-0.049769,rest
-0.098454,-0.290482,0.943426,0.049168,-0.024884,-0.031063,rest
-0.10431,-0.307074,0.941901,0.009611,-0.014845,-0.002403,rest
-0.106689,-0.301462,0.943731,0.047366,-0.006092,0.015102,rest
-0.096807,-0.28609,0.921771,0.04033,-0.026,-0.00901,rest
-0.078507,-0.217282,0.934459,0.028145,-0.049855,-0.069934,rest
-0.152317,-0.207339,0.950746,-0.000343,0.041617,-0.037069,rest
-0.114436,-0.203069,0.961543,0.007465,0.118759,-0.087181,rest
-0.061061,-0.17751,0.935923,0.357048,-0.056033,0.046251,rest
-0.086132,-0.301035,0.984052,0.10091,0.072937,0.024627,rest
-0.056547,-0.306647,0.907192,0.097221,-0.129742,0.029089,rest
-0.074115,-0.325923,0.935069,0.020079,-0.119874,0.074996,rest
-0.092415,-0.297558,0.945195,0.050455,-0.044792,0.095505,rest
-0.091012,-0.271572,0.941718,0.096363,-0.085379,-0.000686,rest
-0.105286,-0.293532,0.948306,0.129056,-0.003947,-0.024541,rest
-0.129076,-0.375089,0.907619,0.013901,-0.030119,-0.008238,rest
-0.13664,-0.37393,0.913597,0.015703,-0.025571,-0.001802,rest
-0.133773,-0.366671,0.914207,0.028403,-0.017848,-0.006779,rest
-0.132675,-0.372527,0.911584,0.009353,-0.019478,-0.00738,rest
-0.132248,-0.368928,0.913109,0.023254,-0.017247,-0.006693,rest
-0.130418,-0.370148,0.913841,0.026086,-0.006178,0.021109,rest
-0.126209,-0.370941,0.91256,0.043247,-0.004033,0.004805,rest
-0.121268,-0.369599,0.911584,0.02969,-0.006779,0.00901,rest
-0.123098,-0.371856,0.915122,0.029518,-0.015016,-0.001201,rest
-0.121451,-0.37332,0.91195,0.032779,-0.02866,0.021881,rest
-0.154208,-0.413946,0.891027,0.028317,-0.030634,-0.008581,rest
-0.158722,-0.413885,0.895236,0.02703,-0.024198,-0.001459,rest
-0.156221,-0.41419,0.891393,0.02703,-0.026257,-0.006264,rest
-0.15677,-0.416386,0.891515,0.032779,-0.023855,-0.002317,rest
-0.157197,-0.417362,0.891088,0.02334,-0.026257,-0.004719,rest
-0.156709,-0.415837,0.891881,0.028403,-0.025399,-0.00738,rest
-0.155611,-0.417301,0.889502,0.030634,-0.023683,-0.004891,rest
-0.156953,-0.417667,0.891515,0.026601,-0.022739,-0.004891,rest
-0.156587,-0.418643,0.890417,0.023254,-0.026515,-0.005148,rest
-0.15677,-0.418399,0.890234,0.027802,-0.026343,-0.005492,rest
-0.162992,-0.432307,0.884256,0.006436,-0.025142,-0.005234,rest
-0.162504,-0.425292,0.884134,0.018878,-0.024713,-0.010469,rest
-0.162748,-0.429074,0.884134,0.022825,-0.024627,-0.006865,rest
-0.163297,-0.428037,0.883463,0.023511,-0.028145,-0.008667,rest
-0.163785,-0.427305,0.884744,0.000429,-0.025056,-0.012013,rest
-0.16287,-0.425658,0.881816,0.026858,-0.027888,-0.005921,rest
-0.163968,-0.427305,0.882731,0.031234,-0.029432,-0.002403,rest
-0.165127,-0.425841,0.884866,0.025056,-0.024541,-0.006521,rest
-0.166225,-0.430172,0.881572,0.043676,-0.035782,-0.005749,rest
-0.169641,-0.428037,0.886269,0.013729,-0.020422,-0.013043,rest
-0.148291,-0.43432,0.882548,0.024026,-0.027373,-0.005406,rest
-0.147925,-0.432795,0.881267,0.027459,-0.026343,-0.00429,rest
-0.148718,-0.433283,0.882792,0.030805,-0.028917,-0.005234,rest
-0.14884,-0.430721,0.883402,0.026601,-0.027888,-0.009181,rest
-0.150609,-0.433344,0.882731,0.03827,-0.023168,-0.004119,rest
-0.150975,-0.434686,0.882487,0.025142,-0.027201,-0.007809,rest
-0.151341,-0.43371,0.883158,0.03398,-0.029604,-0.002403,rest
-0.151524,-0.435845,0.880352,0.019221,-0.033122,-0.010211,rest
-0.153964,-0.433344,0.882487,0.017076,-0.027716,-0.015016,rest
-0.154879,-0.434198,0.882548,0.031492,-0.026257,-0.01064,rest
-0.123281,-0.427244,0.879742,0.026686,0.006092,0.010383,rest
-0.112118,-0.429745,0.879437,0.018964,-0.025228,-0.010898,rest
-0.118035,-0.438041,0.89609,-0.02763,0.059293,0.0133,rest
-0.101138,-0.429928,0.891576,0.001201,0.049769,0.014673,rest
-0.087413,-0.434503,0.8906,-0.022053,0.058521,0.011842,rest
-0.067405,-0.425475,0.88633,0.003518,-0.005406,-0.009096,rest
-0.065331,-0.427732,0.905667,0.01699,-0.027201,-0.008238,rest
-0.068625,-0.42822,0.897554,0.030376,-0.002832,0.007723,rest
-0.061976,-0.429074,0.896395,0.036211,0.01064,0.012957,rest
-0.059841,-0.434137,0.900604,0.034323,0.043591,0.03132,rest
0.050447,-0.447618,0.883585,0.038785,-0.003175,0.003861,rest
0.056303,-0.447557,0.881572,0.028059,-0.016561,0.000686,rest
0.060024,-0.447191,0.879864,0.030376,-0.032264,-0.006264,rest
0.05795,-0.447801,0.884134,0.033637,-0.035525,-0.009782,rest
0.055266,-0.446947,0.885232,0.022997,-0.035353,-0.021109,rest
0.052948,-0.451339,0.884195,0.027201,-0.033294,-0.012442,rest
0.050691,-0.450973,0.886452,0.012528,-0.02334,-0.005749,rest
0.05063,-0.446581,0.874618,0.056548,0.001459,0.008495,rest
0.055266,-0.450424,0.87901,0.028403,-0.037327,-0.013386,rest
0.049105,-0.452376,0.884012,0.01433,-0.031406,-0.008924,rest
0.002318,-0.438773,0.886147,0.033122,-0.016818,-0.010554,rest
0.00305,-0.441518,0.881694,0.034066,-0.030977,-0.008323,rest
0.001769,-0.439993,0.883646,0.021109,-0.034581,-0.009439,rest
0.000183,-0.439261,0.886513,0.027973,-0.019993,-0.009353,rest
0.001159,-0.44225,0.883829,0.027459,-0.026944,-0.007208,rest
0,-0.442616,0.884988,0.022139,-0.026171,-0.004891,rest
-0.000915,-0.441274,0.884927,0.028403,-0.021023,-0.005148,rest
-0.000244,-0.44286,0.883829,0.01965,-0.026944,-0.004634,rest
-0.000305,-0.439505,0.885537,0.037756,-0.000686,-0.00429,rest
-0.000549,-0.442738,0.882731,0.026086,-0.030462,-0.008066,rest
-0.008235,-0.452986,0.883219,0.040072,-0.013901,-0.006264,rest
-0.008906,-0.457683,0.880596,0.020594,-0.019736,-0.009439,rest
-0.007381,-0.458903,0.878827,0.017848,-0.028746,-0.003089,rest
-0.00976,-0.453047,0.88023,0.033637,-0.07165,-0.031835,rest
-0.016409,-0.461404,0.881694,0.027373,-0.018878,-0.003947,rest
-0.016958,-0.459757,0.878766,0.023769,-0.002317,0.021795,rest
-0.011956,-0.458293,0.876631,0.020422,-0.024284,0.001201,rest
-0.013176,-0.457378,0.880291,0.018191,-0.000772,-0.006178,rest
-0.012383,-0.454572,0.881999,0.03767,-0.017076,-0.003776,rest
-0.01037,-0.457012,0.877424,0.025228,-0.023426,-0.006264,rest
-0.005551,-0.44774,0.885903,0.025313,-0.020508,-0.011069,rest
-0.005612,-0.45018,0.88389,0.018191,-0.026086,-0.011327,rest
-0.005978,-0.448045,0.885415,0.028231,-0.01965,-0.004462,rest
-0.007564,-0.448716,0.884927,0.031663,-0.024198,-0.006607,rest
-0.008296,-0.448167,0.885659,0.018449,-0.024713,-0.007809,rest
-0.008113,-0.446032,0.884988,-0.001974,-0.032264,-0.022911,rest
-0.015982,-0.441457,0.893833,-0.012356,-0.007894,-0.05097,rest
-0.015189,-0.442311,0.890417,0.008409,-0.005148,-0.014244,rest
-0.01159,-0.442494,0.88328,0.01802,-0.044534,-0.001116,rest
-0.017324,-0.43615,0.892247,0.029003,-0.032006,-0.000172,rest
-0.008723,-0.430965,0.917684,-0.118673,-0.015102,-0.16458,rest
-0.035502,-0.479277,0.969656,-0.212976,0.082805,0.010125,rest
-0.011468,-0.390949,0.932751,-0.1433,0.029346,0.063584,rest
0.008357,-0.296155,0.907985,-0.016389,0.030204,0.023426,rest
-0.010065,-0.268583,0.8601,0.088125,0.051227,0.001545,rest
-0.022875,-0.283833,0.862052,0.096963,0.01433,-0.027716,rest
0.026657,-0.307196,0.893955,0.131458,-0.130085,-0.073538,rest
-0.003782,-0.395585,0.960445,0.094561,-0.335424,-0.064013,rest
-0.035197,-0.40321,0.974414,0.007036,0.043419,0.116528,rest
-0.035624,-0.345626,0.940498,0.06367,-0.03767,0.05466,rest
-0.036539,-0.395402,0.905301,0.041016,-0.045307,0.026257,rest
-0.034526,-0.396866,0.902861,0.04462,-0.041874,0.015617,rest
-0.036356,-0.412848,0.899079,0.04136,-0.041531,0.057234,rest
-0.038552,-0.414678,0.900299,0.063498,-0.050284,0.097478,rest
-0.036478,-0.397293,0.903837,0.033808,-0.057234,-0.000772,rest
-0.040931,-0.411811,0.903532,0.036039,-0.025485,-0.012099,rest
-0.039345,-0.419558,0.895541,0.03664,-0.042046,0.00532,rest
-0.039955,-0.427732,0.893467,0.031749,-0.037412,0.032779,rest
-0.038369,-0.42151,0.89304,0.037241,-0.058693,0.055947,rest
-0.054961,-0.383934,0.922076,-0.415226,0.119531,-0.590618,rest
-0.044713,-0.43859,0.887916,0.017762,-0.026171,-0.008066,rest
-0.046116,-0.437797,0.889136,0.024198,-0.025742,-0.009353,rest
-0.045811,-0.438956,0.888953,0.023597,-0.020937,-0.00635,rest
-0.045262,-0.438956,0.874557,0.033294,-0.016389,-0.003432,rest
-0.043981,-0.440054,0.885537,0.031234,-0.027802,-0.003604,rest
-0.045811,-0.439139,0.887794,0.042647,-0.026171,-0.00798,rest
-0.044713,-0.437065,0.887916,0.029003,-0.020594,-0.008409,rest
-0.045506,-0.440542,0.887733,0.014673,-0.018535,-0.006178,rest
-0.046116,-0.439261,0.888465,0.03029,-0.028574,-0.00266,rest
-0.046421,-0.437492,0.889441,0.029604,-0.019049,-0.004033,rest
-0.066124,-0.40382,0.902312,0.07697,-0.047366,0.065986,rest
-0.061122,-0.425231,0.886269,0.050198,-0.091386,0.061696,rest
-0.072468,-0.412238,0.901519,0.053973,-0.091214,0.067188,rest
-0.087169,-0.384544,0.926468,0.009096,-0.019393,-0.044363,rest
-0.088389,-0.384605,0.925492,-0.063927,0.06101,-0.179253,rest
-0.071797,-0.436943,0.891393,0.085894,0.013729,-0.019221,rest
-0.07808,-0.438529,0.872422,0.009181,-0.098508,0.050112,rest
-0.08662,-0.390156,0.921527,0.026515,-0.032779,0.007637,rest
-0.085583,-0.406016,0.915244,0.05363,0.007465,-0.025056,rest
-0.07625,-0.421876,0.892003,0.011327,-0.038013,0.005749,rest
-0.092781,-0.399672,0.907436,0.034924,-0.029861,-0.065128,rest
-0.089975,-0.419131,0.891271,0.070105,-0.028574,0.037927,rest
-0.084424,-0.414922,0.888648,0.046251,-0.049082,0.03827,rest
-0.086925,-0.417484,0.897615,0.039558,-0.03501,0.03561,rest
-0.085034,-0.441396,0.888404,0.014931,-0.022568,0.02334,rest
-0.087108,-0.426573,0.894565,0.025571,-0.025914,-0.002574,rest
-0.087901,-0.440359,0.895297,0.062383,0.025056,0.073452,rest
-0.070821,-0.441579,0.872849,0.016218,-0.053716,-0.01004,rest
-0.081252,-0.432795,0.889197,-0.152395,-0.035096,-0.167326,rest
-0.088145,-0.428037,0.898042,-0.018792,0.006178,-0.062383,rest
-0.080276,-0.436455,0.87962,0.006693,-0.051399,0.002231,rest
-0.091378,-0.426329,0.897615,0.018363,-0.020508,-0.011155,rest
-0.090402,-0.42822,0.894199,0.024026,-0.002317,-0.010554,rest
-0.086437,-0.43493,0.888221,0.020079,-0.018964,-0.003518,rest
-0.085766,-0.42944,0.889441,0.03767,-0.031148,-0.000429,rest
-0.08845,-0.432795,0.891149,0.065128,-0.023769,0.000944,rest
-0.088755,-0.429074,0.892369,0.031835,-0.024713,-0.013129,rest
-0.085217,-0.432795,0.887245,0.030805,-0.029775,-0.003175,rest
-0.086132,-0.433649,0.889258,0.000515,-0.030977,-0.005921,rest
-0.087779,-0.430721,0.89243,0.020422,-0.021023,-0.011155,rest
-0.080642,-0.442006,0.880535,0.04033,-0.016389,0.014587,rest
-0.079605,-0.429501,0.884988,0.01433,-0.048138,0.010125,rest
-0.088572,-0.421388,0.899506,0.040759,-0.039987,-0.001888,rest
-0.087718,-0.42883,0.892979,0.034495,-0.032006,-0.001716,rest
-0.088389,-0.434137,0.890783,0.040501,-0.042561,0.005063,rest
-0.088633,-0.432978,0.887733,0.037584,-0.050369,-0.005234,rest
-0.094977,-0.438468,0.888831,0.033894,-0.044277,-0.00695,rest
-0.099735,-0.438895,0.887489,0.029861,-0.028231,-0.004719,rest
-0.099735,-0.44652,0.889075,0.037241,0.060495,0.041102,rest
-0.084424,-0.435174,0.884378,0.007036,-0.02703,-0.013729,rest
-0.092659,-0.432429,0.890844,0.036898,-0.016046,-0.007208,rest
-0.088267,-0.435906,0.884988,0.024026,-0.029861,-0.012871,rest
-0.091378,-0.439322,0.886757,0.017419,-0.033036,-0.000429,rest
-0.093208,-0.430843,0.892308,0.028403,-0.026257,-0.014073,rest
-0.092537,-0.43737,0.887123,0.02128,-0.031835,-0.009096,rest
-0.096136,-0.436516,0.890722,0.015531,-0.028746,-0.006178,rest
-0.096075,-0.433588,0.889197,0.028746,-0.027459,-0.008581,rest
-0.095953,-0.440115,0.888038,0.015274,-0.026086,-0.003261,rest
-0.098149,-0.433832,0.89243,0.029261,-0.043848,-0.006092,rest
-0.096136,-0.43554,0.888831,0.001545,-0.021195,-0.009696,rest
-0.094489,-0.433954,0.882487,0.021967,-0.031406,-0.014502,rest
-0.105225,-0.434503,0.888953,0.065557,-0.018792,-0.023597,rest
-0.103029,-0.44957,0.878034,0.033551,-0.020079,0.006178,rest
-0.102846,-0.443165,0.881084,0.009954,-0.024112,-0.003089,rest
-0.103212,-0.439993,0.882182,0.016132,-0.017162,-0.005835,rest
-0.099979,-0.443104,0.877729,0.030977,-0.026944,0.009439,rest
-0.099125,-0.438224,0.880169,0.027716,-0.029604,0.002917,rest
-0.101931,-0.441274,0.882548,0.02394,-0.014158,0.003175,rest
-0.098149,-0.440786,0.880474,0.020851,0.007723,0.004119,rest
-0.093086,-0.44408,0.878888,0.018363,-0.012442,-0.000172,rest
-0.061793,-0.454206,0.879986,0.027115,-0.016218,-0.002917,rest
-0.061427,-0.458171,0.876326,0.043247,-0.053888,-0.026772,rest
-0.073749,-0.45933,0.884866,0.025571,-0.025142,-0.010898,rest
-0.076128,-0.457439,0.882121,0.026515,-0.016561,-0.008924,rest
-0.072041,-0.452864,0.875594,0.034838,-0.037069,-0.012957,rest
-0.078629,-0.458415,0.882731,0.028317,-0.022568,-0.001459,rest
-0.076921,-0.454755,0.880474,0.017162,-0.029604,-0.00532,rest
-0.078507,-0.458293,0.879071,0.017848,-0.031663,-0.008238,rest
-0.081313,-0.455609,0.88206,0.020766,-0.026772,-0.00369,rest
-0.081496,-0.452559,0.880962,0.037412,-0.029432,-0.007723,rest
-0.059902,-0.404735,0.910059,0.05895,0.019478,-0.045478,rest
-0.04392,-0.421205,0.883524,0.054231,-0.026515,-0.031406,rest
-0.055693,-0.429989,0.892308,0.009868,-0.020851,0.011241,rest
-0.059353,-0.422425,0.89975,0.018106,-0.043419,-0.016046,rest
-0.064111,-0.418399,0.901519,0.031492,-0.026772,-0.02128,rest
-0.066429,-0.422669,0.898164,0.032178,-0.018535,-0.012614,rest
-0.063318,-0.423462,0.889685,0.030548,-0.050713,-0.008495,rest
-0.070638,-0.425109,0.895968,0.020422,-0.033379,-0.008238,rest
-0.070455,-0.42334,0.895053,0.022997,-0.027544,-0.01167,rest
-0.07198,-0.426817,0.893772,0.029261,-0.027201,0.021881,rest
-0.06893,-0.436211,0.891759,0.022739,-0.031406,-0.00738,rest
-0.070577,-0.435296,0.892979,0.02334,-0.031835,-0.009267,rest
-0.073322,-0.435113,0.894931,0.030634,-0.022825,-0.004634,rest
-0.072407,-0.433283,0.893528,0.024455,-0.000257,-0.009267,rest
-0.070882,-0.436211,0.891698,0.043848,-0.02334,-0.007465,rest
-0.070821,-0.434625,0.891149,0.020079,-0.033894,-0.006521,rest
-0.074725,-0.435479,0.896761,0.019307,-0.021709,-0.002403,rest
-0.068564,-0.429745,0.888953,0.024884,-0.034237,-0.019307,rest
-0.071614,-0.43676,0.892125,0.028231,-0.028917,-0.002403,rest
-0.071675,-0.433954,0.892064,0.030119,-0.04299,0.008152,rest
-0.079971,-0.439932,0.874008,0.039558,-0.050284,-0.004376,rest
-0.0854,-0.43554,0.885598,0.036898,-0.018535,-0.005663,rest
-0.081435,-0.439688,0.880352,0.029861,-0.029432,-0.011927,rest
-0.078934,-0.439749,0.876143,0.043333,-0.05363,-0.010898,rest
-0.084058,-0.437126,0.88328,0.018277,-0.032607,-0.012614,rest
-0.086376,-0.435601,0.886269,0.021538,-0.002832,-0.004634,rest
-0.093086,-0.444812,0.894199,0.026515,0.013644,0.012356,rest
-0.084973,-0.440969,0.882792,0.022053,-0.015531,-0.003518,rest
-0.091256,-0.442738,0.889563,0,0.021452,0.008838,rest
-0.086132,-0.436028,0.886147,0.023254,-0.001459,-0.006865,rest
-0.066612,-0.440908,0.885659,0.024713,-0.026944,-0.012356,rest
-0.067222,-0.44286,0.885415,0.017934,-0.023426,-0.009353,rest
-0.067588,-0.442677,0.887001,0.024198,-0.021195,-0.006178,rest
-0.067832,-0.442372,0.887245,0.020508,-0.023769,-0.006007,rest
-0.067344,-0.44164,0.886086,0.026171,-0.022482,-0.006264,rest
-0.067771,-0.441457,0.886513,0.026686,-0.026944,-0.009267,rest
-0.065514,-0.441335,0.883646,0.017419,-0.024284,-0.014673,rest
-0.067527,-0.443592,0.885171,0.024541,-0.016561,-0.004033,rest
-0.066795,-0.442433,0.88389,0.021109,-0.025742,-0.007294,rest
-0.066368,-0.438956,0.883158,0.024026,-0.018277,-0.008066,rest
-0.081374,-0.434137,0.892552,0.025228,-0.024455,-0.005921,rest
-0.079605,-0.432795,0.888709,0.027802,-0.031406,-0.013043,rest
-0.080764,-0.435479,0.891027,0.027544,-0.000944,-0.00532,rest
-0.080032,-0.435479,0.890661,0.04299,-0.018277,-0.007551,rest
-0.081313,-0.43737,0.891759,0.021881,-0.016304,0.002231,rest
-0.081069,-0.43371,0.89182,0.023511,-0.012785,-0.005148,rest
-0.080032,-0.435967,0.890783,0.029175,-0.018277,-0.001716,rest
-0.079239,-0.436943,0.889197,0.014502,-0.025485,-0.00635,rest
-0.080703,-0.436028,0.891271,0.01596,-0.042303,-0.002145,rest
-0.08296,-0.43432,0.894748,0.023168,-0.014244,-0.003432,rest
-0.074359,-0.433588,0.889624,0.026343,-0.019564,-0.011241,rest
-0.077897,-0.440786,0.897066,0.018964,0.037327,0.000686,rest
-0.069418,-0.432368,0.892308,0.043762,0.007122,-0.027802,rest
-0.063257,-0.438895,0.886574,0.015274,-0.024455,-0.00429,rest
-0.066368,-0.436394,0.889624,0.025142,-0.030376,-0.003089,rest
-0.069723,-0.436577,0.891515,0.016475,-0.028059,-0.00532,rest
-0.070455,-0.434198,0.890722,0.010726,-0.029604,-0.006007,rest
-0.074908,-0.432307,0.897737,0.01862,0.015617,0.001459,rest
-0.065514,-0.430843,0.889075,0.037584,-0.037841,-0.008066,rest
-0.06466,-0.434564,0.885354,0.021709,-0.042389,-0.003089,rest
-0.067222,-0.438712,0.887733,0.022396,-0.017505,-0.002145,rest
-0.063867,-0.437431,0.881694,0.015875,-0.035353,-0.011498,rest
-0.07137,-0.437248,0.888587,0.021366,-0.025657,-0.00369,rest
-0.070699,-0.432124,0.886818,0.034152,-0.021967,-0.011241,rest
-0.070821,-0.435845,0.884195,0.036812,-0.015016,0.004634,rest
-0.072529,-0.440359,0.887123,0.021195,-0.027201,-0.003776,rest
-0.07503,-0.435296,0.890234,0.025828,-0.014073,-0.001716,rest
-0.071065,-0.434686,0.883829,0.024198,-0.023254,-0.011155,rest
-0.072285,-0.436638,0.887123,0.027459,-0.011069,-0.004205,rest
-0.072712,-0.440542,0.890234,0.028746,0.01965,0.006693,rest
-0.069845,-0.435357,0.884866,0.025142,-0.025228,-0.011842,rest
-0.069906,-0.437675,0.885659,0.024026,-0.018535,-0.001802,rest
-0.069479,-0.435784,0.886635,0.03029,-0.019135,-0.006693,rest
-0.068564,-0.43676,0.884622,0.022997,-0.024884,-0.008838,rest
-0.069784,-0.436455,0.886696,0.026944,-0.000686,-0.007208,rest
-0.068442,-0.436638,0.886208,0.024713,-0.023769,-0.012185,rest
-0.070516,-0.438895,0.88633,0.026343,-0.02128,-0.007208,rest
-0.070516,-0.43737,0.887184,0.02334,-0.024026,-0.01004,rest
-0.06832,-0.437065,0.884988,0.031577,-0.026171,-0.004977,rest
-0.069052,-0.438163,0.886574,0.024026,-0.043419,-0.005406,rest
-0.078507,-0.438773,0.887672,0.024455,-0.02437,-0.00738,rest
-0.077775,-0.439627,0.886391,0.018449,-0.026343,-0.002917,rest
-0.07991,-0.43737,0.888892,0.015445,-0.026772,-0.010812,rest
-0.080398,-0.438712,0.888648,0.028746,-0.025142,-0.002403,rest
-0.08235,-0.437919,0.890539,0.030805,-0.019908,-0.003003,rest
-0.078751,-0.434259,0.885842,0.034752,-0.026257,-0.012356,rest
-0.080215,-0.440359,0.887977,0.034495,-0.015445,0.00429,rest
-0.078629,-0.435784,0.889075,0.041617,-0.010983,-0.003089,rest
-0.078507,-0.442067,0.887855,0.028574,-0.026429,-0.003261,rest
-0.077165,-0.436089,0.888892,0.022139,-0.014673,-0.012099,rest
-0.072834,-0.439871,0.881511,0.009439,-0.033637,-0.016046,rest
-0.074603,-0.436943,0.884683,0.032435,-0.027973,-0.007894,rest
-0.077653,-0.44103,0.884378,0.025399,-0.022739,-0.005749,rest
-0.07686,-0.437797,0.883402,0.025742,-0.029346,-0.007894,rest
-0.077287,-0.438041,0.88328,0.030376,-0.029604,-0.005234,rest
-0.077958,-0.438651,0.883463,0.017676,-0.025657,-0.00738,rest
-0.079788,-0.438712,0.884073,0.018277,-0.022568,-0.008238,rest
-0.083509,-0.443165,0.891271,0.065557,0.046336,0.050026,rest
-0.057706,-0.429501,0.872239,0.030634,-0.041016,-0.013644,rest
-0.054717,-0.446703,0.872117,0.003947,-0.072851,-0.035096,rest
-0.083021,-0.444629,0.886635,0.01965,-0.018106,-0.004462,rest
-0.079056,-0.435418,0.882853,0.032178,-0.024884,-0.004805,rest
-0.080459,-0.439688,0.884683,0.034581,-0.018792,-0.003432,rest
-0.079666,-0.438346,0.884195,0.020422,-0.021195,-0.012356,rest
-0.079788,-0.439932,0.884683,0.015703,-0.020337,-0.009782,rest
-0.079178,-0.439993,0.883768,0.020079,-0.02763,-0.010125,rest
-0.08052,-0.438163,0.887611,0.026686,-0.017848,-0.011069,rest
-0.078995,-0.440847,0.883707,0.024627,-0.020594,-0.007809,rest
-0.079178,-0.441213,0.883707,0.021709,-0.023855,-0.006865,rest
-0.081069,-0.439871,0.887489,0.033294,-0.017247,-0.003261,rest
-0.083021,-0.439749,0.882182,0.022053,-0.029604,-0.010554,rest
-0.084851,-0.441152,0.882975,0.019135,-0.022224,-0.007036,rest
-0.085583,-0.440481,0.882487,0.023769,-0.025313,-0.005063,rest
-0.086742,-0.440542,0.883768,0.024799,-0.018449,-0.002832,rest
-0.087047,-0.440725,0.885903,0.028145,-0.016389,-0.000429,rest
-0.086315,-0.440542,0.883585,0.021109,-0.024026,-0.006607,rest
-0.087413,-0.439139,0.884439,0.023511,-0.025142,-0.006865,rest
-0.088633,-0.439261,0.88511,0.028488,-0.025742,-0.005492,rest
-0.088084,-0.438407,0.884256,0.002488,-0.029518,-0.012356,rest
-0.089121,-0.4392,0.884073,0.024455,-0.029775,-0.011756,rest
-0.090951,-0.454084,0.884439,0.023082,-0.022053,0.001373,rest
-0.090707,-0.445483,0.88267,0.014416,-0.045822,-0.011756,rest
-0.095526,-0.445239,0.887001,0.026944,-0.027973,-0.002488,rest
-0.096868,-0.44225,0.889075,0.031148,-0.021709,-0.001716,rest
-0.094794,-0.442067,0.886635,0.028574,-0.019736,-0.004462,rest
-0.094184,-0.445605,0.882975,0.020079,-0.026944,-0.005063,rest
-0.098576,-0.445666,0.886757,0.024884,-0.023426,0.021624,rest
-0.098393,-0.442372,0.885964,0.018363,-0.02437,-0.006521,rest
-0.099796,-0.444263,0.887611,0.021109,-0.016561,-0.006693,rest
-0.101931,-0.44286,0.890844,0.026944,0.005492,-0.004977,rest
-0.093025,-0.4453,0.877546,0.025056,-0.028059,-0.008323,rest
-0.09455,-0.444507,0.880657,0.030977,-0.015875,-0.006865,rest
-0.092354,-0.445727,0.878095,0.032092,-0.01699,-0.003518,rest
-0.089792,-0.447008,0.87596,0.025828,-0.042218,-0.007894,rest
-0.091927,-0.448655,0.879681,0.026944,-0.017419,0.001459,rest
-0.090707,-0.444873,0.879864,0.024713,-0.017247,-0.009696,rest
-0.088755,-0.446947,0.876448,0.029775,-0.043247,-0.006007,rest
-0.089304,-0.44957,0.876753,0.000429,-0.043076,-0.002403,rest
-0.087474,-0.445483,0.875289,0.024455,-0.026429,-0.010726,rest
-0.089914,-0.448594,0.877546,0.023082,-0.024026,-0.00369,rest
-0.090036,-0.449936,0.876997,0.012099,-0.029775,-0.004548,rest
-0.09272,-0.446215,0.88084,0.043419,-0.022568,-0.003003,rest
-0.095343,-0.447496,0.883219,0.021366,-0.012185,-0.000772,rest
-0.091439,-0.446154,0.878156,0.010726,-0.026171,-0.011842,rest
-0.094489,-0.448045,0.881938,0.014587,-0.021881,-0.003947,rest
-0.095038,-0.445483,0.881572,0.01699,-0.024884,-0.007122,rest
-0.095587,-0.446703,0.880535,0.008838,-0.026086,-0.009181,rest
-0.098759,-0.444934,0.883585,0.012528,-0.043762,-0.010898,rest
-0.098271,-0.443653,0.881511,0.01862,-0.016647,-0.009525,rest
-0.098332,-0.447191,0.88084,0.020937,-0.01596,-0.004719,rest
-0.086437,-0.443348,0.874496,0.018191,-0.019307,-0.017676,rest
-0.08601,-0.453169,0.876387,0.020594,-0.033379,-0.007208,rest
-0.090219,-0.447191,0.88145,0.01965,-0.025399,-0.014502,rest
-0.092903,-0.450607,0.881267,0.018277,-0.015445,-0.007637,rest
-0.091073,-0.448655,0.877119,0.012614,-0.02703,-0.016904,rest
-0.091622,-0.44652,0.877973,0.04299,-0.029089,-0.010554,rest
-0.087779,-0.446581,0.873947,0.030376,-0.053544,-0.016647,rest
-0.095099,-0.450424,0.879864,0.018363,-0.057749,-0.020422,rest
-0.095831,-0.442555,0.879254,0.02703,-0.054145,-0.018964,rest
-0.101443,-0.451522,0.882548,0.023082,-0.017591,-0.003604,rest
-0.101809,-0.464881,0.878644,0.049426,-0.019478,0.005749,rest
-0.096624,-0.481778,0.86803,0.009439,-0.022482,0.008152,rest
-0.094184,-0.474763,0.870836,0.019564,-0.026601,0.007809,rest
-0.094001,-0.469761,0.875777,0.046851,-0.011241,0.018191,rest
-0.087596,-0.473848,0.870409,0.034323,-0.011155,-0.017591,rest
-0.08296,-0.481412,0.863943,0.027544,-0.036211,0.007294,rest
-0.085522,-0.47702,0.870714,-0.041188,-0.037756,-0.026772,rest
-0.088816,-0.458598,0.873703,0.013214,-0.046165,-0.04033,rest
-0.09882,-0.457561,0.881267,0.04668,-0.016389,-0.052772,rest
-0.104188,-0.48312,0.877119,0.016818,-0.025742,-0.008838,rest
-0.113948,-0.45018,0.877546,0.02068,-0.04728,-0.028746,rest
-0.123769,-0.460611,0.87718,0.045478,-0.007036,-0.004977,rest
-0.114863,-0.464881,0.868274,0.054059,-0.012013,-0.00429,rest
-0.111569,-0.478301,0.861076,0.041703,-0.022396,0.011842,rest
-0.124257,-0.472689,0.877424,0.013386,-0.016304,0.005835,rest
-0.115168,-0.478545,0.870043,-0.008409,0.026343,0.028145,rest
-0.08601,-0.447618,0.848998,0.002231,-0.073109,-0.041188,rest
-0.113216,-0.466894,0.875533,0.01536,-0.043505,-0.019908,rest
-0.117974,-0.460123,0.879254,0.045135,-0.00103,-0.007637,rest
-0.11346,-0.472323,0.868152,0.040244,-0.010211,-0.003432,rest
-0.117486,-0.517463,0.837896,0.031406,-0.004805,0.002231,rest
-0.102358,-0.527406,0.809165,-0.019135,-0.088983,-0.061696,rest
-0.133773,-0.540399,0.832345,-0.000257,-0.098765,0.002317,rest
-0.154818,-0.517402,0.855525,0.070449,-0.039901,-0.003947,rest
-0.152622,-0.525942,0.838018,0.077142,0.000429,-0.015102,rest
-0.144814,-0.548207,0.82106,-0.025828,-0.003003,-0.013901,rest
-0.137555,-0.531493,0.818071,-0.022911,-0.055432,-0.004634,rest
-0.150365,-0.499773,0.84363,0.007723,-0.034581,0.023597,rest
-0.158844,-0.476776,0.873276,-0.036812,0.060495,-0.046251,rest
-0.145119,-0.468968,0.866505,-0.035439,0.115669,-0.116871,rest
-0.08723,-0.469456,0.872666,0.043591,-0.023168,-0.005148,rest
-0.090036,-0.469395,0.872483,0.035439,-0.026171,-0.00635,rest
-0.089853,-0.471591,0.870043,0.018964,-0.032607,-0.010898,rest
-0.090402,-0.469456,0.870226,0.025571,-0.03501,-0.005148,rest
-0.094672,-0.468358,0.874557,0.019564,-0.026429,-0.009439,rest
-0.097295,-0.469456,0.875838,0.032178,-0.021881,0.000257,rest
-0.094855,-0.470066,0.868823,0.015274,-0.044878,-0.007637,rest
-0.098454,-0.461892,0.873154,0.011756,-0.048739,-0.027115,rest
-0.106933,-0.462441,0.879925,0.035439,-0.023597,-0.016475,rest
-0.1037,-0.462746,0.8723,0.025228,-0.019478,-0.021195,rest
-0.106445,-0.47946,0.862784,0.03235,-0.02763,-0.011756,rest
-0.107238,-0.485316,0.862113,0.016647,-0.035181,-0.009439,rest
-0.111325,-0.479216,0.867359,0.022568,-0.02231,-0.010469,rest
-0.108763,-0.47824,0.867054,0.031577,-0.010469,-0.006521,rest
-0.105774,-0.483974,0.860527,0.012099,-0.029089,-0.012442,rest
-0.107787,-0.481839,0.86254,0.017591,-0.031063,-0.003347,rest
-0.111325,-0.480436,0.867115,0.02497,-0.01802,-0.00635,rest
-0.110349,-0.483852,0.860954,0.019135,-0.03561,-0.002059,rest
-0.113216,-0.478118,0.864187,0.019135,-0.036726,-0.008581,rest
-0.114314,-0.476776,0.865102,0.02437,-0.027459,-0.009782,rest
-0.124074,-0.474946,0.870409,0.026086,-0.003347,-0.002403,rest
-0.116388,-0.476959,0.861015,0.010125,-0.028403,0.003089,rest
-0.117669,-0.469273,0.862723,0.017076,-0.044534,-0.004376,rest
-0.126819,-0.466101,0.876265,0.038185,-0.004805,-0.000858,rest
-0.121085,-0.470371,0.869555,0.043247,-0.00738,-0.002746,rest
-0.115168,-0.478057,0.858087,0.026343,-0.03501,-0.003432,rest
-0.118828,-0.472689,0.866261,0.028403,-0.031234,0.00103,rest
-0.121451,-0.472384,0.869311,0.034066,-0.009611,-0.003261,rest
-0.121024,-0.477081,0.865773,0.020508,-0.018106,-0.001888,rest
-0.120353,-0.47519,0.865651,0.029003,-0.024026,-0.003776,rest
-0.106384,-0.470371,0.86498,0.031148,-0.009439,0.00163,rest
-0.104493,-0.474214,0.864553,0.024799,-0.011584,-0.002574,rest
-0.098881,-0.473787,0.859002,0.022568,-0.028832,-0.009782,rest
-0.101077,-0.474946,0.865041,0.024455,-0.018449,-0.006607,rest
-0.102175,-0.47824,0.866444,0.000772,-0.008066,0.00798,rest
-0.099491,-0.475251,0.864309,0.022739,-0.017162,-0.004462,rest
-0.101748,-0.472201,0.869616,0.026772,-0.004205,-0.005921,rest
-0.096014,-0.476898,0.861564,0.024026,-0.01167,-0.009868,rest
-0.095831,-0.479765,0.861198,0.011756,-0.025828,-0.003089,rest
-0.102358,-0.475312,0.872056,0.037241,-0.007894,0.006865,rest
-0.11163,-0.483913,0.862662,0.006007,-0.017762,-0.029861,rest
-0.113704,-0.480741,0.867725,-0.017762,-0.007036,-0.049082,rest
-0.111813,-0.468724,0.865712,0.006779,-0.026343,-0.083577,rest
-0.121024,-0.468541,0.872605,-0.061181,0.02763,-0.111122,rest
-0.12139,-0.472201,0.874984,0.02068,0.002488,0.004891,rest
-0.113277,-0.461465,0.867664,0.013815,-0.039987,-0.021967,rest
-0.120292,-0.457683,0.878156,0.023426,-0.02497,-0.021881,rest
-0.119499,-0.456768,0.878095,0.037584,-0.017247,-0.006264,rest
-0.116937,-0.463295,0.871446,0.026,-0.026429,-0.001459,rest
-0.116144,-0.458903,0.873581,0.041703,-0.025657,-0.003861,rest
-0.117181,-0.451522,0.88206,0.064785,0.015789,0.020165,rest
-0.111264,-0.454633,0.875777,0.030891,-0.01004,0.004119,rest
-0.105774,-0.457012,0.872056,0.026858,-0.023855,0.006436,rest
-0.109739,-0.466101,0.884988,0.022825,0.063241,0.068904,rest
-0.092842,-0.457012,0.882426,0.04565,0.071907,0.061696,rest
-0.067649,-0.46543,0.876936,0.07534,0.065986,0.09928,rest
-0.044103,-0.458964,0.86132,0.019564,-0.046594,-0.009267,rest
-0.052765,-0.467565,0.873947,0.020422,-0.038699,-0.012528,rest
-0.054839,-0.463844,0.871934,0.00103,-0.039729,-0.019736,rest
-0.060634,-0.466955,0.873947,0.029861,-0.02394,-0.009181,rest
-0.083753,-0.46787,0.87108,0.031921,-0.047109,-0.004376,rest
-0.089853,-0.477813,0.871812,0.04136,-0.026257,-0.003518,rest
-0.089243,-0.472506,0.867115,0.025742,-0.032264,-0.015703,rest
-0.092232,-0.478362,0.86803,0.030891,0.020079,0.012013,rest
-0.08845,-0.475251,0.868884,0.013386,-0.021881,-0.006092,rest
-0.088328,-0.470981,0.870348,0.021109,-0.017848,-0.011155,rest
-0.085705,-0.47519,0.865773,0.026515,-0.025142,-0.003003,rest
-0.087413,-0.475312,0.867115,0.018792,-0.027373,-0.007465,rest
-0.086803,-0.471896,0.867237,0.015445,-0.024713,-0.012356,rest
-0.087901,-0.47458,0.867786,0.042132,-0.00901,0.005234,rest
-0.086803,-0.463905,0.87169,0.033808,-0.018878,-0.010297,rest
-0.083692,-0.472262,0.864004,0.008066,-0.030805,-0.011584,rest
-0.08845,-0.470127,0.869311,0.018964,-0.035267,-0.002145,rest
-0.09028,-0.46604,0.872361,0.023168,-0.023683,-0.008238,rest
-0.091439,-0.466711,0.872239,0.02969,-0.021366,-0.007465,rest
-0.088938,-0.466284,0.869982,0.029261,-0.020851,-0.0127,rest
-0.088023,-0.467199,0.870043,0.023511,-0.018191,-0.014158,rest
-0.088328,-0.47214,0.86864,0.029775,-0.027544,-0.003175,rest
-0.087718,-0.467443,0.869494,0.02763,-0.029861,-0.00738,rest
-0.090585,-0.468236,0.872178,0.035181,-0.018792,-0.004033,rest
-0.094306,-0.477691,0.870043,0.031234,-0.022053,-0.004719,rest
-0.094794,-0.478972,0.869982,0.027115,-0.019908,-0.003347,rest
-0.092903,-0.478423,0.866871,0.016475,-0.031406,-0.014845,rest
-0.095221,-0.475007,0.869616,0.016647,-0.028746,-0.018106,rest
-0.097112,-0.480802,0.870348,0.026858,-0.014673,-0.000601,rest
-0.093879,-0.478789,0.8662,0.023254,-0.028145,-0.009439,rest
-0.096319,-0.479094,0.870348,0.024799,-0.016218,0.02128,rest
-0.096014,-0.477935,0.871995,0.033551,-0.005492,-0.002746,rest
-0.094001,-0.482144,0.866261,0.021109,-0.02231,-0.004548,rest
-0.094611,-0.480558,0.868579,0.017076,-0.023683,-0.009353,rest
-0.087413,-0.475983,0.864553,0.029003,-0.029775,-0.00163,rest
-0.088145,-0.475983,0.86498,0.020422,-0.020851,-0.016561,rest
-0.091622,-0.472872,0.869738,0.025828,0.00532,-0.043333,rest
-0.084668,-0.474763,0.857355,-0.038099,-0.0127,-0.09662,rest
-0.085888,-0.488854,0.852353,0.032435,-0.061353,0.039386,rest
-0.090951,-0.476715,0.859734,0.045135,-0.091472,0.07165,rest
-0.100101,-0.469578,0.86864,0.032264,-0.048482,0.000086,rest
-0.104493,-0.472933,0.870409,0.0133,-0.007809,-0.000429,rest
-0.102236,-0.476715,0.871446,0.043848,0.033379,0.018535,rest
-0.08967,-0.480253,0.858209,0.004805,-0.010726,-0.011241,rest
0.160003,-0.489464,0.843386,0.01862,-0.044449,-0.019736,rest
0.155062,-0.492575,0.848998,0.029861,-0.01433,-0.004634,rest
0.140605,-0.490074,0.847168,0.001201,-0.018363,-0.015188,rest
0.158112,-0.488976,0.841495,-0.000772,-0.063155,-0.04299,rest
0.147071,-0.49166,0.850645,0.018706,-0.043848,-0.012099,rest
0.143167,-0.487146,0.852597,0.026858,-0.026515,-0.013472,rest
0.144021,-0.488549,0.848388,0.018449,-0.027287,-0.014931,rest
0.143533,-0.48983,0.847107,0.014073,-0.053459,-0.020508,rest
0.138226,-0.487329,0.852658,0.017934,-0.030891,-0.009868,rest
0.136274,-0.487573,0.855525,0.025485,-0.004891,-0.005578,rest
0.143289,-0.491477,0.853268,0.022739,-0.026429,-0.004376,rest
0.138836,-0.495503,0.859856,0.048567,0.051399,0.047624,rest
0.157746,-0.484523,0.840153,0.028917,-0.033294,-0.021967,rest
0.154208,-0.497333,0.840763,0.020251,-0.050026,-0.010726,rest
0.149328,-0.487207,0.849059,0.013987,-0.048653,-0.024455,rest
0.144204,-0.493002,0.852414,0.024799,-0.015531,-0.000429,rest
0.144204,-0.490867,0.85339,0.032092,-0.001201,-0.001459,rest
0.149755,-0.489098,0.842532,0.015102,-0.050198,-0.025399,rest
0.141825,-0.492575,0.854,0.029432,-0.008838,0.005921,rest
0.142801,-0.490135,0.852292,0.03132,-0.00901,-0.004977,rest
0.084058,-0.481107,0.866078,0.03029,-0.017505,-0.000686,rest
0.085095,-0.478606,0.866871,0.032178,-0.012356,-0.00369,rest
0.086193,-0.483425,0.863028,0.025142,-0.018363,-0.002832,rest
0.088206,-0.478301,0.863394,0.02497,-0.032435,-0.013815,rest
0.084424,-0.483974,0.867054,0.032178,-0.012785,0.002059,rest
0.089182,-0.480863,0.857294,0.008495,-0.054488,-0.026686,rest
0.062525,-0.484645,0.871141,0.030462,-0.004634,0.018792,rest
0.084851,-0.476898,0.868457,0.052686,0.003089,0.000858,rest
0.095099,-0.486658,0.855525,0.021366,-0.031148,-0.002574,rest
0.092842,-0.480863,0.861503,0.017162,-0.037412,-0.006607,rest
0.074359,-0.491599,0.861137,0.027287,-0.011584,0.00103,rest
0.079483,-0.488549,0.853573,0.019393,-0.030805,-0.008152,rest
0.078141,-0.489891,0.854305,0.010812,-0.043247,-0.009353,rest
0.073749,-0.485011,0.859917,0.04299,-0.030805,-0.013386,rest
0.069723,-0.485438,0.862967,0.035696,-0.026944,-0.011842,rest
0.069235,-0.489769,0.859795,0.043419,-0.029604,-0.00695,rest
0.070882,-0.487512,0.857965,0.019822,-0.030891,-0.003518,rest
0.068198,-0.486902,0.863638,0.037241,-0.016904,-0.000686,rest
0.069662,-0.491416,0.859185,0.026944,-0.025228,0.002317,rest
0.07137,-0.483059,0.861747,0.02128,-0.020422,-0.015789,rest
0.072712,-0.488915,0.857965,0.028403,-0.023254,-0.001716,rest
0.071004,-0.486963,0.861198,0.025399,-0.012785,0.001287,rest
0.073749,-0.488,0.857721,0.017934,-0.023254,0.000257,rest
0.072041,-0.48617,0.861869,0.036125,-0.017676,0.004376,rest
0.081313,-0.482144,0.851377,0.008752,-0.050112,-0.01536,rest
0.076433,-0.48678,0.855281,0.010383,-0.047967,0.003432,rest
0.071858,-0.47824,0.867969,0.025571,-0.000858,0.003089,rest
0.069967,-0.488976,0.861503,0.015617,-0.005406,0.032006,rest
0.075457,-0.475861,0.85827,-0.006521,-0.038871,-0.004376,rest
0.061244,-0.478301,0.876143,0.019221,-0.018792,0.003347,rest
0.039406,-0.471347,0.87352,0.026686,-0.012099,0.004977,rest
0.042029,-0.466528,0.87413,0.042475,-0.014244,-0.013901,rest
0.043615,-0.475922,0.865651,0.014931,-0.044706,-0.015274,rest
0.036417,-0.475251,0.872849,0.034152,-0.026171,-0.004548,rest
0.034404,-0.469822,0.872483,0.024284,-0.02231,-0.007894,rest
0.032574,-0.471164,0.873764,0.033465,-0.00738,0.003518,rest
0.035563,-0.474153,0.869799,0.013644,-0.020422,-0.002746,rest
0.034648,-0.469578,0.871812,0.066244,-0.033379,0.013644,rest
0.035075,-0.469761,0.870775,0.026858,-0.030462,-0.009868,rest
0.03233,-0.477874,0.874069,0.018363,-0.012871,-0.004805,rest
0.018727,-0.474214,0.874862,0.035181,-0.016389,-0.009868,rest
0.020191,-0.481046,0.868518,0.016904,-0.031234,-0.007465,rest
0.017141,-0.476044,0.874801,0.030634,-0.018706,-0.000601,rest
0.017263,-0.476288,0.873947,0.026171,-0.0127,-0.006092,rest
0.02074,-0.479033,0.868335,0.026,-0.024284,-0.009611,rest
0.018117,-0.479948,0.871629,0.034838,-0.01862,0.002145,rest
0.019886,-0.477691,0.871385,0.023254,-0.016475,-0.005921,rest
0.021838,-0.480375,0.866261,0.023082,-0.026171,-0.008066,rest
0.02135,-0.47824,0.867908,0.029003,-0.025571,-0.007894,rest
0.020557,-0.480802,0.86681,0.042904,-0.027201,-0.001716,rest
0.005978,-0.47946,0.866566,0.029604,-0.033551,-0.010812,rest
0.005673,-0.483547,0.867054,0.031063,-0.023683,-0.004719,rest
0.006954,-0.482754,0.863577,0.031406,-0.034667,-0.000515,rest
0.001952,-0.485865,0.871507,0.021109,-0.014759,0.001287,rest
0.003843,-0.4819,0.86925,0.034152,-0.008838,-0.020508,rest
0.008418,-0.483364,0.859856,0.026429,-0.06427,-0.011927,rest
0.004697,-0.481961,0.866505,0.015875,-0.037412,-0.010469,rest
-0.002257,-0.485255,0.874618,0.02969,-0.005234,-0.001974,rest
0.004331,-0.485255,0.862357,0.02231,-0.023597,-0.0127,rest
0.001525,-0.484584,0.866139,0.019993,-0.02969,-0.010726,rest
0.012688,-0.473787,0.868579,0.019908,-0.030462,-0.008238,rest
0.009394,-0.471469,0.873093,0.030548,-0.014845,-0.003432,rest
0.010126,-0.473421,0.869738,0.043591,-0.022053,-0.007551,rest
0.011285,-0.473421,0.868457,0.020422,-0.023855,-0.008752,rest
0.00976,-0.473848,0.869433,0.030805,-0.027459,-0.001716,rest
0.008052,-0.472933,0.869799,0.000429,-0.042132,-0.014073,rest
0.007686,-0.46665,0.870104,0.024284,-0.028746,-0.019221,rest
0.006405,-0.473482,0.86864,0.027115,-0.027459,-0.00738,rest
0.004758,-0.472079,0.871202,0.027716,-0.02703,-0.005663,rest
0.006466,-0.4697,0.869372,0.026086,-0.02763,-0.007894,rest
0.001098,-0.474824,0.874984,0.027544,-0.001201,-0.005406,rest
-0.000305,-0.474885,0.877485,0.024198,-0.012185,-0.004119,rest
0.00427,-0.473543,0.872361,0.025571,-0.030376,-0.008238,rest
0.000732,-0.474885,0.876021,0.026429,-0.019478,-0.021452,rest
0.00183,-0.471591,0.876204,0.029261,-0.013729,-0.010469,rest
0.005429,-0.476593,0.868823,0.025485,-0.032607,-0.00429,rest
0.001159,-0.474519,0.873459,0.042818,-0.038614,-0.004891,rest
-0.002928,-0.469944,0.87901,0.028488,-0.02497,-0.01167,rest
-0.001708,-0.473726,0.873581,0.025914,-0.034237,-0.007036,rest
-0.00244,-0.471835,0.87352,0.011155,-0.038614,-0.007465,rest
-0.005063,-0.478057,0.868762,0.01699,-0.023683,-0.00901,rest
-0.005551,-0.475251,0.870165,0.021023,-0.020508,-0.009611,rest
-0.004392,-0.476898,0.867664,0.025571,-0.021709,-0.000429,rest
-0.005551,-0.478789,0.868091,0.024112,-0.022568,0.000686,rest
-0.00549,-0.474946,0.867542,0.019049,-0.031835,-0.012871,rest
-0.007625,-0.474031,0.869616,0.019993,-0.021538,-0.010554,rest
-0.008418,-0.478423,0.868457,0.019135,-0.018277,-0.001888,rest
-0.008601,-0.474946,0.870043,0.024284,-0.023511,-0.005148,rest
-0.007747,-0.472628,0.870653,0.024627,-0.018449,-0.006092,rest
-0.0061,-0.477996,0.86437,0.020851,-0.022997,-0.003347,rest
-0.035014,-0.465308,0.879803,0.07534,0.026429,-0.041445,rest
-0.022326,-0.488915,0.85461,0.019478,-0.037241,-0.004634,rest
-0.02684,-0.475129,0.871202,0.015875,-0.019221,0.000944,rest
-0.030439,-0.484706,0.878705,0.030719,0.03561,0.050112,rest
-0.004087,-0.460611,0.863699,0.021624,-0.044277,-0.03398,rest
-0.012627,-0.477508,0.871446,0.029003,-0.032178,-0.003347,rest
-0.016836,-0.476532,0.87169,0.018191,-0.037412,-0.006693,rest
-0.01952,-0.468663,0.877363,0.035525,-0.016647,-0.009611,rest
-0.016775,-0.471103,0.873642,0.052343,-0.010211,-0.012871,rest
-0.014457,-0.484706,0.864492,0.027287,-0.02703,-0.006178,rest
-0.037332,-0.475922,0.872483,0.026086,-0.01064,0.001373,rest
-0.030439,-0.472872,0.866139,0.019393,-0.017162,0.00103,rest
-0.036783,-0.473055,0.875838,0.03132,0.005234,-0.000257,rest
-0.031842,-0.474763,0.866871,0.023683,-0.017762,-0.012185,rest
-0.0305,-0.475678,0.867542,0.024284,-0.023254,-0.00266,rest
-0.031598,-0.476715,0.870104,0.024198,-0.020079,-0.004119,rest
-0.031781,-0.475617,0.870409,0.030634,-0.019393,-0.00695,rest
-0.02928,-0.474092,0.86864,0.033551,-0.02866,-0.007809,rest
-0.029951,-0.477935,0.868823,0.028574,-0.020851,-0.004119,rest
-0.028182,-0.47763,0.86925,0.024455,-0.012099,0.000429,rest
-0.03477,-0.475007,0.873642,0.020337,-0.018191,-0.003432,rest
-0.035685,-0.47275,0.877302,0.033208,-0.017076,-0.002059,rest
-0.033977,-0.474641,0.873947,0.027287,-0.02437,-0.00369,rest
-0.033916,-0.471957,0.875899,0.023426,-0.019564,-0.007637,rest
-0.033306,-0.476349,0.874618,0.026257,-0.043162,-0.002403,rest
-0.031415,-0.47458,0.871751,0.014931,-0.039643,-0.012957,rest
-0.036966,-0.474275,0.879193,0.000601,-0.016389,-0.003261,rest
-0.035136,-0.475007,0.87474,0.027373,-0.016046,-0.005406,rest
-0.032635,-0.474336,0.87169,0.025742,-0.033894,-0.012528,rest
-0.034343,-0.47336,0.875045,0.025485,-0.025399,-0.006779,rest
-0.002013,-0.475922,0.861503,0.019908,-0.041016,-0.021023,rest
-0.003294,-0.479216,0.864492,0.051657,-0.031749,-0.0133,rest
-0.001037,-0.476715,0.859795,0.061439,-0.076884,-0.030376,rest
-0.012383,-0.490379,0.869311,0.002832,-0.00798,0.002231,rest
-0.006466,-0.476532,0.861381,0.008409,-0.039472,-0.021538,rest
-0.013603,-0.483974,0.866932,0.023855,-0.017591,0.002317,rest
-0.013542,-0.478667,0.867542,0.012013,-0.020851,-0.017419,rest
-0.011712,-0.482327,0.8662,0.03295,-0.02128,0.020251,rest
-0.007686,-0.474702,0.865712,0.012271,-0.020508,-0.028317,rest
-0.011102,-0.478362,0.866566,0.030376,-0.021795,-0.02334,rest
-0.008723,-0.476593,0.874069,0.017247,-0.02231,-0.016046,rest
-0.007991,-0.471957,0.865041,0.03664,-0.061954,-0.031835,rest
-0.0183,-0.482144,0.858941,0.02437,-0.013129,0.004719,rest
-0.018117,-0.472079,0.875533,0.028488,-0.007809,-0.002317,rest
-0.014457,-0.47458,0.867847,0.026601,-0.033379,-0.01004,rest
-0.015677,-0.47397,0.870714,0.024284,-0.026343,-0.010469,rest
-0.016287,-0.473543,0.871995,0.026086,-0.01596,-0.011498,rest
-0.016287,-0.478301,0.872361,0.023082,0.005921,0.010812,rest
-0.011956,-0.47519,0.872422,0.032006,0.00103,0.011584,rest
-0.000976,-0.471652,0.865468,0.031749,-0.013214,-0.011412,rest
-0.026108,-0.47519,0.86498,0.043333,-0.051485,-0.035696,rest
-0.037149,-0.495808,0.865102,-0.000343,-0.053459,-0.013901,rest
-0.043432,-0.47763,0.873642,0.023168,-0.028145,-0.003089,rest
-0.049898,-0.482449,0.878644,0.034667,0.024284,-0.00532,rest
-0.040626,-0.508923,0.855891,-0.035096,-0.102369,-0.051914,rest
-0.053131,-0.501298,0.866017,0.027287,-0.021709,0.064185,rest
-0.03355,-0.46177,0.861869,0.037327,-0.039386,-0.046937,rest
-0.040321,-0.495808,0.86437,0.045049,-0.021109,-0.003518,rest
-0.041785,-0.502457,0.872666,0.033551,0.038099,0.036125,rest
-0.020618,-0.471835,0.867786,0.087439,0.062468,-0.012356,rest
0.038125,-0.50508,0.840702,0.029604,-0.052686,-0.025485,rest
0.023973,-0.495686,0.861076,0.008152,-0.072594,-0.016818,rest
0.010065,-0.482571,0.880047,0.025313,-0.023769,-0.006865,rest
0.01098,-0.484645,0.872239,0.030634,-0.02231,-0.00429,rest
0.011956,-0.483669,0.867725,0.023254,-0.064614,0.004548,rest
0.007015,-0.480558,0.874435,0.009439,-0.027373,-0.00901,rest
0.007259,-0.477325,0.871446,0.018191,-0.031406,-0.01862,rest
0.006039,-0.480436,0.871629,0.038185,-0.026772,-0.002574,rest
0.009028,-0.476105,0.867542,0.040587,-0.045135,-0.016647,rest
0.008052,-0.475922,0.867298,0.03561,-0.036983,-0.042475,rest
-0.040748,-0.46665,0.868884,0.028488,-0.007036,-0.007551,rest
-0.039101,-0.472079,0.863699,0.014073,-0.025742,-0.025914,rest
-0.044896,-0.480863,0.866627,0.018964,-0.014244,0.020508,rest
-0.043371,-0.482022,0.862906,0.073538,-0.024284,0.079373,rest
-0.039101,-0.483608,0.860466,-0.016046,-0.058864,0.037756,rest
-0.045811,-0.453047,0.881572,0.020422,-0.042732,-0.062554,rest
-0.049349,-0.467138,0.877424,0.012442,0.007551,-0.07165,rest
-0.042273,-0.472445,0.864431,-0.020337,-0.011584,-0.087524,rest
-0.04392,-0.466101,0.865468,-0.123392,-0.045478,-0.133603,rest
-0.062464,-0.467748,0.880962,0.028145,0.01536,-0.029261,rest
-0.072773,-0.482937,0.867908,0.014673,-0.027544,0.00103,rest
-0.073139,-0.471347,0.869006,0.017333,-0.021195,0.020422,rest
-0.07381,-0.473482,0.869616,0.022911,-0.001974,-0.00266,rest
-0.068442,-0.472872,0.862479,0.015274,-0.019993,-0.012099,rest
-0.07076,-0.476959,0.86254,0.01699,-0.034409,-0.007723,rest
-0.07381,-0.473726,0.867542,0.013644,-0.019307,-0.010554,rest
-0.074725,-0.476532,0.86681,0.011927,-0.017247,-0.008323,rest
-0.071614,-0.470859,0.865773,0.020251,-0.02394,-0.014416,rest
-0.075213,-0.477813,0.865102,0.006779,-0.039901,-0.013901,rest
-0.077836,-0.47397,0.866139,0.015102,-0.033894,-0.010125,rest
-0.094245,-0.476532,0.866871,0.043076,-0.033208,-0.008667,rest
-0.09699,-0.474397,0.871446,0.012442,-0.019908,-0.014502,rest
-0.09821,-0.477386,0.871019,0.017591,-0.008152,-0.004719,rest
-0.095465,-0.478789,0.868152,0.015016,-0.016818,-0.003347,rest
-0.098271,-0.477813,0.871934,0.010983,-0.006178,-0.000858,rest
-0.093025,-0.475861,0.870775,0.045307,0.012871,0.013987,rest
-0.086315,-0.480436,0.865468,0.010726,-0.024799,-0.01536,rest
-0.087657,-0.477569,0.86986,0.042218,-0.018277,-0.00532,rest
-0.085034,-0.47885,0.866383,0.016475,-0.028832,-0.0133,rest
-0.085827,-0.477142,0.867969,0.011327,-0.029175,-0.013987,rest
-0.096929,-0.480558,0.865956,0.021881,-0.035954,-0.000515,rest
-0.100528,-0.475922,0.872178,0.024455,-0.043762,0.002917,rest
-0.102297,-0.474702,0.875228,0.040759,-0.001459,0.002231,rest
-0.095343,-0.477874,0.86498,0.012614,-0.023426,-0.007894,rest
-0.096746,-0.474092,0.869494,0.017247,-0.015445,-0.009611,rest
-0.097844,-0.478606,0.868579,0.001287,-0.013644,-0.002231,rest
-0.095282,-0.476288,0.864675,0.014587,-0.039815,-0.017505,rest
-0.099003,-0.474946,0.866993,0.0133,-0.041188,-0.022997,rest
-0.09943,-0.47214,0.867359,0.028832,-0.033122,-0.016904,rest
-0.099064,-0.479216,0.864797,0.024541,-0.034495,-0.005148,rest
-0.107238,-0.480924,0.856867,0.011241,-0.042389,-0.004977,rest
-0.112789,-0.472445,0.86498,0.038442,-0.038785,-0.018792,rest
-0.114131,-0.476227,0.865346,0.028917,-0.011155,-0.012442,rest
-0.116327,-0.479826,0.867908,0.043247,0.028917,-0.017591,rest
-0.093147,-0.491477,0.837408,0.006436,-0.068904,-0.000858,rest
-0.111203,-0.480741,0.866932,0.010554,-0.046594,0.002917,rest
-0.118523,-0.470127,0.876204,0.047624,0.009954,-0.003175,rest
-0.105286,-0.483425,0.854061,0.043591,-0.025657,-0.004462,rest
-0.105896,-0.478789,0.859185,0.018706,-0.033551,-0.003175,rest
-0.124928,-0.476471,0.864492,0.031148,-0.022224,-0.003175,rest
